INSERT INTO [FirmaKomputerowa].[dbo].[Produkty](model,typ,producent) VALUES('OJMQQ0W7',' pc',' LENOVO')
INSERT INTO [FirmaKomputerowa].[dbo].[Produkty](model,typ,producent) VALUES('LRZXPR8S',' pc',' HP')
INSERT INTO [FirmaKomputerowa].[dbo].[Produkty](model,typ,producent) VALUES('SFCM1PHX',' pc',' APPLE')
INSERT INTO [FirmaKomputerowa].[dbo].[Produkty](model,typ,producent) VALUES('1ZUULN3Z',' pc',' DELL')
INSERT INTO [FirmaKomputerowa].[dbo].[Produkty](model,typ,producent) VALUES('WU54FBXD',' pc',' ACER')
INSERT INTO [FirmaKomputerowa].[dbo].[Produkty](model,typ,producent) VALUES('TPNL1DXN',' pc',' DELL')
INSERT INTO [FirmaKomputerowa].[dbo].[Produkty](model,typ,producent) VALUES('2BR6I255',' pc',' LENOVO')
INSERT INTO [FirmaKomputerowa].[dbo].[Produkty](model,typ,producent) VALUES('W1GL3ZMM',' pc',' APPLE')
INSERT INTO [FirmaKomputerowa].[dbo].[Produkty](model,typ,producent) VALUES('XYABZYWY',' pc',' LENOVO')
INSERT INTO [FirmaKomputerowa].[dbo].[Produkty](model,typ,producent) VALUES('RQ7R78MB',' pc',' HP')
INSERT INTO [FirmaKomputerowa].[dbo].[Produkty](model,typ,producent) VALUES('XZMD8K3A',' pc',' MSI')
INSERT INTO [FirmaKomputerowa].[dbo].[Produkty](model,typ,producent) VALUES('WHVX8PF9',' pc',' ACER')
INSERT INTO [FirmaKomputerowa].[dbo].[Produkty](model,typ,producent) VALUES('A1M3JUUN',' pc',' MSI')
INSERT INTO [FirmaKomputerowa].[dbo].[Produkty](model,typ,producent) VALUES('KF3H92BY',' pc',' HP')
INSERT INTO [FirmaKomputerowa].[dbo].[Produkty](model,typ,producent) VALUES('VUZ0HYL9',' pc',' MSI')
INSERT INTO [FirmaKomputerowa].[dbo].[Produkty](model,typ,producent) VALUES('W3RSL8JL',' pc',' LENOVO')
INSERT INTO [FirmaKomputerowa].[dbo].[Produkty](model,typ,producent) VALUES('L3P1TV5T',' pc',' APPLE')
INSERT INTO [FirmaKomputerowa].[dbo].[Produkty](model,typ,producent) VALUES('SPI3WJ2T',' pc',' MSI')
INSERT INTO [FirmaKomputerowa].[dbo].[Produkty](model,typ,producent) VALUES('AKTYRKD7',' pc',' HP')
INSERT INTO [FirmaKomputerowa].[dbo].[Produkty](model,typ,producent) VALUES('61458YS0',' pc',' APPLE')
INSERT INTO [FirmaKomputerowa].[dbo].[Produkty](model,typ,producent) VALUES('H4AD5Y33',' pc',' HP')
INSERT INTO [FirmaKomputerowa].[dbo].[Produkty](model,typ,producent) VALUES('I2HHZ1SJ',' pc',' DELL')
INSERT INTO [FirmaKomputerowa].[dbo].[Produkty](model,typ,producent) VALUES('0XMFYVB8',' pc',' ACER')
INSERT INTO [FirmaKomputerowa].[dbo].[Produkty](model,typ,producent) VALUES('AXRTL5OV',' pc',' ACER')
INSERT INTO [FirmaKomputerowa].[dbo].[Produkty](model,typ,producent) VALUES('O6P54YZ5',' pc',' DELL')
INSERT INTO [FirmaKomputerowa].[dbo].[Produkty](model,typ,producent) VALUES('MYCCMZX1',' pc',' DELL')
INSERT INTO [FirmaKomputerowa].[dbo].[Produkty](model,typ,producent) VALUES('SCGPC662',' pc',' DELL')
INSERT INTO [FirmaKomputerowa].[dbo].[Produkty](model,typ,producent) VALUES('DYRL3EBD',' pc',' MSI')
INSERT INTO [FirmaKomputerowa].[dbo].[Produkty](model,typ,producent) VALUES('V52XP2QY',' pc',' LENOVO')
INSERT INTO [FirmaKomputerowa].[dbo].[Produkty](model,typ,producent) VALUES('Z8K16U16',' pc',' HP')
INSERT INTO [FirmaKomputerowa].[dbo].[Produkty](model,typ,producent) VALUES('T93S8BSW',' pc',' LENOVO')
INSERT INTO [FirmaKomputerowa].[dbo].[Produkty](model,typ,producent) VALUES('YA57AJMB',' pc',' APPLE')
INSERT INTO [FirmaKomputerowa].[dbo].[Produkty](model,typ,producent) VALUES('L5WN8OXH',' pc',' APPLE')
INSERT INTO [FirmaKomputerowa].[dbo].[Produkty](model,typ,producent) VALUES('5L26U7US',' pc',' DELL')
INSERT INTO [FirmaKomputerowa].[dbo].[Produkty](model,typ,producent) VALUES('SD60E2W2',' pc',' HP')
INSERT INTO [FirmaKomputerowa].[dbo].[Produkty](model,typ,producent) VALUES('N17BP5YQ',' pc',' DELL')
INSERT INTO [FirmaKomputerowa].[dbo].[Produkty](model,typ,producent) VALUES('6GAP41HX',' pc',' LENOVO')
INSERT INTO [FirmaKomputerowa].[dbo].[Produkty](model,typ,producent) VALUES('O1Q8MSF3',' pc',' APPLE')
INSERT INTO [FirmaKomputerowa].[dbo].[Produkty](model,typ,producent) VALUES('9U030G0K',' pc',' MSI')
INSERT INTO [FirmaKomputerowa].[dbo].[Produkty](model,typ,producent) VALUES('7356ID6Y',' pc',' LENOVO')
INSERT INTO [FirmaKomputerowa].[dbo].[Produkty](model,typ,producent) VALUES('DDIETQRI',' pc',' DELL')
INSERT INTO [FirmaKomputerowa].[dbo].[Produkty](model,typ,producent) VALUES('HOOP6W6Z',' laptop',' ASUS')
INSERT INTO [FirmaKomputerowa].[dbo].[Produkty](model,typ,producent) VALUES('KDQ4ZUMJ',' laptop',' APPLE')
INSERT INTO [FirmaKomputerowa].[dbo].[Produkty](model,typ,producent) VALUES('PRSNCYGC',' laptop',' APPLE')
INSERT INTO [FirmaKomputerowa].[dbo].[Produkty](model,typ,producent) VALUES('04BJLSFT',' laptop',' ASUS')
INSERT INTO [FirmaKomputerowa].[dbo].[Produkty](model,typ,producent) VALUES('AS7JATHW',' laptop',' ACER')
INSERT INTO [FirmaKomputerowa].[dbo].[Produkty](model,typ,producent) VALUES('5INX2JWC',' laptop',' APPLE')
INSERT INTO [FirmaKomputerowa].[dbo].[Produkty](model,typ,producent) VALUES('S3M0I46G',' laptop',' APPLE')
INSERT INTO [FirmaKomputerowa].[dbo].[Produkty](model,typ,producent) VALUES('4A17YGZL',' laptop',' APPLE')
INSERT INTO [FirmaKomputerowa].[dbo].[Produkty](model,typ,producent) VALUES('7FR9GQDL',' laptop',' APPLE')
INSERT INTO [FirmaKomputerowa].[dbo].[Produkty](model,typ,producent) VALUES('MDB2WJ1W',' laptop',' ACER')
INSERT INTO [FirmaKomputerowa].[dbo].[Produkty](model,typ,producent) VALUES('SKJCN4YM',' laptop',' ACER')
INSERT INTO [FirmaKomputerowa].[dbo].[Produkty](model,typ,producent) VALUES('47UH7QRZ',' laptop',' ASUS')
INSERT INTO [FirmaKomputerowa].[dbo].[Produkty](model,typ,producent) VALUES('JTX6W6BT',' laptop',' DELL')
INSERT INTO [FirmaKomputerowa].[dbo].[Produkty](model,typ,producent) VALUES('3CNSFBQG',' laptop',' DELL')
INSERT INTO [FirmaKomputerowa].[dbo].[Produkty](model,typ,producent) VALUES('S42WK34J',' laptop',' MSI')
INSERT INTO [FirmaKomputerowa].[dbo].[Produkty](model,typ,producent) VALUES('JEFUK7MS',' laptop',' DELL')
INSERT INTO [FirmaKomputerowa].[dbo].[Produkty](model,typ,producent) VALUES('BWXMB315',' laptop',' LENOVO')
INSERT INTO [FirmaKomputerowa].[dbo].[Produkty](model,typ,producent) VALUES('IL1S11P9',' laptop',' ASUS')
INSERT INTO [FirmaKomputerowa].[dbo].[Produkty](model,typ,producent) VALUES('EWJ4CNT2',' laptop',' HP')
INSERT INTO [FirmaKomputerowa].[dbo].[Produkty](model,typ,producent) VALUES('7I1QGX8O',' laptop',' HP')
INSERT INTO [FirmaKomputerowa].[dbo].[Produkty](model,typ,producent) VALUES('NF385OTW',' laptop',' ASUS')
INSERT INTO [FirmaKomputerowa].[dbo].[Produkty](model,typ,producent) VALUES('V0NOELBH',' laptop',' ASUS')
INSERT INTO [FirmaKomputerowa].[dbo].[Produkty](model,typ,producent) VALUES('4HUJ3JN3',' laptop',' ACER')
INSERT INTO [FirmaKomputerowa].[dbo].[Produkty](model,typ,producent) VALUES('S1FDTMHC',' laptop',' APPLE')
INSERT INTO [FirmaKomputerowa].[dbo].[Produkty](model,typ,producent) VALUES('CG04LQQ7',' laptop',' DELL')
INSERT INTO [FirmaKomputerowa].[dbo].[Produkty](model,typ,producent) VALUES('CTDQO92E',' laptop',' LENOVO')
INSERT INTO [FirmaKomputerowa].[dbo].[Produkty](model,typ,producent) VALUES('9DLTUC1A',' laptop',' APPLE')
INSERT INTO [FirmaKomputerowa].[dbo].[Produkty](model,typ,producent) VALUES('1RHAHCR9',' laptop',' DELL')
INSERT INTO [FirmaKomputerowa].[dbo].[Produkty](model,typ,producent) VALUES('E96E36HL',' laptop',' MSI')
INSERT INTO [FirmaKomputerowa].[dbo].[Produkty](model,typ,producent) VALUES('UCNGLPFH',' laptop',' ASUS')
INSERT INTO [FirmaKomputerowa].[dbo].[Produkty](model,typ,producent) VALUES('SSVYDKVZ',' laptop',' HP')
INSERT INTO [FirmaKomputerowa].[dbo].[Produkty](model,typ,producent) VALUES('4BMA9P8X',' laptop',' DELL')
INSERT INTO [FirmaKomputerowa].[dbo].[Produkty](model,typ,producent) VALUES('L4JOLJ1G',' laptop',' ASUS')
INSERT INTO [FirmaKomputerowa].[dbo].[Produkty](model,typ,producent) VALUES('RUG159D8',' laptop',' HP')
INSERT INTO [FirmaKomputerowa].[dbo].[Produkty](model,typ,producent) VALUES('PQ6VSEQN',' laptop',' LENOVO')
INSERT INTO [FirmaKomputerowa].[dbo].[Produkty](model,typ,producent) VALUES('8TC7IYK3',' laptop',' MSI')
INSERT INTO [FirmaKomputerowa].[dbo].[Produkty](model,typ,producent) VALUES('ZEGM66ME',' laptop',' DELL')
INSERT INTO [FirmaKomputerowa].[dbo].[Produkty](model,typ,producent) VALUES('JCFN7B8T',' laptop',' LENOVO')
INSERT INTO [FirmaKomputerowa].[dbo].[Produkty](model,typ,producent) VALUES('IZLF8893',' laptop',' ACER')
INSERT INTO [FirmaKomputerowa].[dbo].[Produkty](model,typ,producent) VALUES('5TMSRCVN',' laptop',' APPLE')
INSERT INTO [FirmaKomputerowa].[dbo].[Produkty](model,typ,producent) VALUES('KCUAJOAH',' drukarka',' BOTHER')
INSERT INTO [FirmaKomputerowa].[dbo].[Produkty](model,typ,producent) VALUES('EUVB9ZRB',' drukarka',' HP')
INSERT INTO [FirmaKomputerowa].[dbo].[Produkty](model,typ,producent) VALUES('BTGINCIQ',' drukarka',' EPSON')
INSERT INTO [FirmaKomputerowa].[dbo].[Produkty](model,typ,producent) VALUES('11VD1TGX',' drukarka',' EPSON')
INSERT INTO [FirmaKomputerowa].[dbo].[Produkty](model,typ,producent) VALUES('XIQ7F0X4',' drukarka',' BOTHER')
INSERT INTO [FirmaKomputerowa].[dbo].[Produkty](model,typ,producent) VALUES('B4TXBP7U',' drukarka',' SAMSUNG')
INSERT INTO [FirmaKomputerowa].[dbo].[Produkty](model,typ,producent) VALUES('YCZR123I',' drukarka',' EPSON')
INSERT INTO [FirmaKomputerowa].[dbo].[Produkty](model,typ,producent) VALUES('ZB3C4MI3',' drukarka',' SAMSUNG')
INSERT INTO [FirmaKomputerowa].[dbo].[Produkty](model,typ,producent) VALUES('XDOPUS3H',' drukarka',' CANON')
INSERT INTO [FirmaKomputerowa].[dbo].[Produkty](model,typ,producent) VALUES('BE0FFGZS',' drukarka',' EPSON')
INSERT INTO [FirmaKomputerowa].[dbo].[Produkty](model,typ,producent) VALUES('0FRXD6K7',' drukarka',' SAMSUNG')
INSERT INTO [FirmaKomputerowa].[dbo].[Produkty](model,typ,producent) VALUES('P99HOHWK',' drukarka',' EPSON')
INSERT INTO [FirmaKomputerowa].[dbo].[Produkty](model,typ,producent) VALUES('PIRGXTG2',' drukarka',' HP')
INSERT INTO [FirmaKomputerowa].[dbo].[Produkty](model,typ,producent) VALUES('ZU5XML0R',' drukarka',' CANON')
INSERT INTO [FirmaKomputerowa].[dbo].[Produkty](model,typ,producent) VALUES('MA9REWZO',' drukarka',' BOTHER')
INSERT INTO [FirmaKomputerowa].[dbo].[Produkty](model,typ,producent) VALUES('W3ZTS5ZJ',' drukarka',' BOTHER')
INSERT INTO [FirmaKomputerowa].[dbo].[Produkty](model,typ,producent) VALUES('DUR7QL2U',' drukarka',' BOTHER')
INSERT INTO [FirmaKomputerowa].[dbo].[Produkty](model,typ,producent) VALUES('72WXQ6SK',' drukarka',' BOTHER')
INSERT INTO [FirmaKomputerowa].[dbo].[Produkty](model,typ,producent) VALUES('Q8D5RJLT',' drukarka',' SAMSUNG')
INSERT INTO [FirmaKomputerowa].[dbo].[Produkty](model,typ,producent) VALUES('OGB97DBX',' drukarka',' SAMSUNG')
INSERT INTO [FirmaKomputerowa].[dbo].[Produkty](model,typ,producent) VALUES('GOTYZUJ1',' drukarka',' CANON')
INSERT INTO [FirmaKomputerowa].[dbo].[Produkty](model,typ,producent) VALUES('V9N2AIWI',' drukarka',' BOTHER')
INSERT INTO [FirmaKomputerowa].[dbo].[Produkty](model,typ,producent) VALUES('GIDHV6NN',' drukarka',' BOTHER')
INSERT INTO [FirmaKomputerowa].[dbo].[Produkty](model,typ,producent) VALUES('M84TW39L',' drukarka',' SAMSUNG')
INSERT INTO [FirmaKomputerowa].[dbo].[Produkty](model,typ,producent) VALUES('Z2JTWZX0',' drukarka',' EPSON')
INSERT INTO [FirmaKomputerowa].[dbo].[Produkty](model,typ,producent) VALUES('VWG2NY14',' drukarka',' EPSON')
INSERT INTO [FirmaKomputerowa].[dbo].[Produkty](model,typ,producent) VALUES('483XLLF6',' drukarka',' SAMSUNG')
INSERT INTO [FirmaKomputerowa].[dbo].[Produkty](model,typ,producent) VALUES('1CNT3YN6',' drukarka',' EPSON')
INSERT INTO [FirmaKomputerowa].[dbo].[Produkty](model,typ,producent) VALUES('CXWNU5L2',' drukarka',' CANON')
INSERT INTO [FirmaKomputerowa].[dbo].[Produkty](model,typ,producent) VALUES('ITUF11OF',' drukarka',' BOTHER')
INSERT INTO [FirmaKomputerowa].[dbo].[Produkty](model,typ,producent) VALUES('BCR7NZ66',' drukarka',' CANON')
INSERT INTO [FirmaKomputerowa].[dbo].[Produkty](model,typ,producent) VALUES('HB2RPRIZ',' drukarka',' BOTHER')
INSERT INTO [FirmaKomputerowa].[dbo].[Produkty](model,typ,producent) VALUES('2QO8LST7',' drukarka',' BOTHER')
INSERT INTO [FirmaKomputerowa].[dbo].[Produkty](model,typ,producent) VALUES('JVLWEXLL',' drukarka',' SAMSUNG')
INSERT INTO [FirmaKomputerowa].[dbo].[Produkty](model,typ,producent) VALUES('8EJ6RYHE',' drukarka',' CANON')
INSERT INTO [FirmaKomputerowa].[dbo].[Produkty](model,typ,producent) VALUES('80DC7BTV',' drukarka',' CANON')
INSERT INTO [FirmaKomputerowa].[dbo].[Produkty](model,typ,producent) VALUES('8D18NPLW',' drukarka',' BOTHER')
INSERT INTO [FirmaKomputerowa].[dbo].[Produkty](model,typ,producent) VALUES('MV6EGEYJ',' drukarka',' EPSON')
INSERT INTO [FirmaKomputerowa].[dbo].[Produkty](model,typ,producent) VALUES('85800G2V',' drukarka',' BOTHER')
INSERT INTO [FirmaKomputerowa].[dbo].[PC] VALUES('OJMQQ0W7', 2500, 8,2048,'x8',15,2130)
INSERT INTO [FirmaKomputerowa].[dbo].[PC] VALUES('LRZXPR8S', 3000, 32,1024,'x8',15,3100)
INSERT INTO [FirmaKomputerowa].[dbo].[PC] VALUES('SFCM1PHX', 2000, 32,2048,'x16',20,2260)
INSERT INTO [FirmaKomputerowa].[dbo].[PC] VALUES('1ZUULN3Z', 2700, 32,1024,'x16',20,2950)
INSERT INTO [FirmaKomputerowa].[dbo].[PC] VALUES('WU54FBXD', 3100, 32,1024,'x16',17,3260)
INSERT INTO [FirmaKomputerowa].[dbo].[PC] VALUES('TPNL1DXN', 3100, 32,2048,'x8',17,3270)
INSERT INTO [FirmaKomputerowa].[dbo].[PC] VALUES('2BR6I255', 3100, 8,2048,'x8',15,2730)
INSERT INTO [FirmaKomputerowa].[dbo].[PC] VALUES('W1GL3ZMM', 2900, 16,512,'x16',17,2735)
INSERT INTO [FirmaKomputerowa].[dbo].[PC] VALUES('XYABZYWY', 2300, 32,2048,'x16',17,2470)
INSERT INTO [FirmaKomputerowa].[dbo].[PC] VALUES('RQ7R78MB', 3600, 8,512,'x8',17,3275)
INSERT INTO [FirmaKomputerowa].[dbo].[PC] VALUES('XZMD8K3A', 3700, 16,2048,'x16',19,3610)
INSERT INTO [FirmaKomputerowa].[dbo].[PC] VALUES('WHVX8PF9', 2600, 32,512,'x16',17,2755)
INSERT INTO [FirmaKomputerowa].[dbo].[PC] VALUES('A1M3JUUN', 3600, 8,512,'x16',17,3275)
INSERT INTO [FirmaKomputerowa].[dbo].[PC] VALUES('KF3H92BY', 3600, 32,1024,'x16',17,3760)
INSERT INTO [FirmaKomputerowa].[dbo].[PC] VALUES('VUZ0HYL9', 3500, 32,512,'x8',19,3715)
INSERT INTO [FirmaKomputerowa].[dbo].[PC] VALUES('W3RSL8JL', 3400, 8,2048,'x8',19,3150)
INSERT INTO [FirmaKomputerowa].[dbo].[PC] VALUES('L3P1TV5T', 2900, 16,1024,'x16',17,2740)
INSERT INTO [FirmaKomputerowa].[dbo].[PC] VALUES('SPI3WJ2T', 3800, 8,512,'x16',19,3535)
INSERT INTO [FirmaKomputerowa].[dbo].[PC] VALUES('AKTYRKD7', 3300, 16,512,'x8',19,3195)
INSERT INTO [FirmaKomputerowa].[dbo].[PC] VALUES('61458YS0', 3800, 32,512,'x8',17,3955)
INSERT INTO [FirmaKomputerowa].[dbo].[PC] VALUES('H4AD5Y33', 3700, 16,2048,'x16',19,3610)
INSERT INTO [FirmaKomputerowa].[dbo].[PC] VALUES('I2HHZ1SJ', 2100, 16,1024,'x8',20,2030)
INSERT INTO [FirmaKomputerowa].[dbo].[PC] VALUES('0XMFYVB8', 2400, 32,1024,'x8',15,2500)
INSERT INTO [FirmaKomputerowa].[dbo].[PC] VALUES('AXRTL5OV', 2700, 16,512,'x8',19,2595)
INSERT INTO [FirmaKomputerowa].[dbo].[PC] VALUES('O6P54YZ5', 3100, 32,512,'x16',19,3315)
INSERT INTO [FirmaKomputerowa].[dbo].[PC] VALUES('MYCCMZX1', 2300, 16,2048,'x16',20,2240)
INSERT INTO [FirmaKomputerowa].[dbo].[PC] VALUES('SCGPC662', 2100, 8,1024,'x16',19,1840)
INSERT INTO [FirmaKomputerowa].[dbo].[PC] VALUES('DYRL3EBD', 3900, 32,2048,'x8',17,4070)
INSERT INTO [FirmaKomputerowa].[dbo].[PC] VALUES('V52XP2QY', 2500, 32,2048,'x16',17,2670)
INSERT INTO [FirmaKomputerowa].[dbo].[PC] VALUES('Z8K16U16', 3300, 32,512,'x16',15,3395)
INSERT INTO [FirmaKomputerowa].[dbo].[PC] VALUES('T93S8BSW', 2500, 16,2048,'x16',20,2440)
INSERT INTO [FirmaKomputerowa].[dbo].[PC] VALUES('YA57AJMB', 3800, 16,2048,'x8',17,3650)
INSERT INTO [FirmaKomputerowa].[dbo].[PC] VALUES('L5WN8OXH', 3100, 16,1024,'x8',20,3030)
INSERT INTO [FirmaKomputerowa].[dbo].[PC] VALUES('5L26U7US', 2400, 16,2048,'x8',15,2190)
INSERT INTO [FirmaKomputerowa].[dbo].[PC] VALUES('SD60E2W2', 3300, 32,2048,'x16',17,3470)
INSERT INTO [FirmaKomputerowa].[dbo].[PC] VALUES('N17BP5YQ', 3600, 32,512,'x8',15,3695)
INSERT INTO [FirmaKomputerowa].[dbo].[PC] VALUES('6GAP41HX', 2400, 16,2048,'x16',17,2250)
INSERT INTO [FirmaKomputerowa].[dbo].[PC] VALUES('O1Q8MSF3', 3200, 16,512,'x8',20,3125)
INSERT INTO [FirmaKomputerowa].[dbo].[PC] VALUES('9U030G0K', 2900, 32,2048,'x16',20,3160)
INSERT INTO [FirmaKomputerowa].[dbo].[PC] VALUES('7356ID6Y', 3200, 8,1024,'x16',15,2820)
INSERT INTO [FirmaKomputerowa].[dbo].[PC] VALUES('DDIETQRI', 2600, 8,1024,'x16',17,2280)
INSERT INTO [FirmaKomputerowa].[dbo].[LAPTOP] VALUES('HOOP6W6Z', 3000, 16,2048,17,2850)
INSERT INTO [FirmaKomputerowa].[dbo].[LAPTOP] VALUES('KDQ4ZUMJ', 2100, 32,512,19,2315)
INSERT INTO [FirmaKomputerowa].[dbo].[LAPTOP] VALUES('PRSNCYGC', 3900, 8,512,19,3635)
INSERT INTO [FirmaKomputerowa].[dbo].[LAPTOP] VALUES('04BJLSFT', 3600, 32,512,20,3845)
INSERT INTO [FirmaKomputerowa].[dbo].[LAPTOP] VALUES('AS7JATHW', 2600, 32,1024,19,2820)
INSERT INTO [FirmaKomputerowa].[dbo].[LAPTOP] VALUES('5INX2JWC', 3800, 32,512,15,3895)
INSERT INTO [FirmaKomputerowa].[dbo].[LAPTOP] VALUES('S3M0I46G', 3200, 16,1024,17,3040)
INSERT INTO [FirmaKomputerowa].[dbo].[LAPTOP] VALUES('4A17YGZL', 2200, 32,2048,20,2460)
INSERT INTO [FirmaKomputerowa].[dbo].[LAPTOP] VALUES('7FR9GQDL', 2100, 8,2048,15,1730)
INSERT INTO [FirmaKomputerowa].[dbo].[LAPTOP] VALUES('MDB2WJ1W', 3300, 16,2048,20,3240)
INSERT INTO [FirmaKomputerowa].[dbo].[LAPTOP] VALUES('SKJCN4YM', 2500, 8,2048,19,2250)
INSERT INTO [FirmaKomputerowa].[dbo].[LAPTOP] VALUES('47UH7QRZ', 3200, 32,1024,20,3450)
INSERT INTO [FirmaKomputerowa].[dbo].[LAPTOP] VALUES('JTX6W6BT', 3200, 16,512,19,3095)
INSERT INTO [FirmaKomputerowa].[dbo].[LAPTOP] VALUES('3CNSFBQG', 3900, 8,1024,19,3640)
INSERT INTO [FirmaKomputerowa].[dbo].[LAPTOP] VALUES('S42WK34J', 2700, 16,2048,17,2550)
INSERT INTO [FirmaKomputerowa].[dbo].[LAPTOP] VALUES('JEFUK7MS', 3200, 32,1024,17,3360)
INSERT INTO [FirmaKomputerowa].[dbo].[LAPTOP] VALUES('BWXMB315', 2400, 16,1024,19,2300)
INSERT INTO [FirmaKomputerowa].[dbo].[LAPTOP] VALUES('IL1S11P9', 3800, 8,512,19,3535)
INSERT INTO [FirmaKomputerowa].[dbo].[LAPTOP] VALUES('EWJ4CNT2', 3400, 32,1024,19,3620)
INSERT INTO [FirmaKomputerowa].[dbo].[LAPTOP] VALUES('7I1QGX8O', 3900, 16,1024,19,3800)
INSERT INTO [FirmaKomputerowa].[dbo].[LAPTOP] VALUES('NF385OTW', 2400, 16,2048,20,2340)
INSERT INTO [FirmaKomputerowa].[dbo].[LAPTOP] VALUES('V0NOELBH', 3300, 16,2048,20,3240)
INSERT INTO [FirmaKomputerowa].[dbo].[LAPTOP] VALUES('4HUJ3JN3', 3300, 8,2048,15,2930)
INSERT INTO [FirmaKomputerowa].[dbo].[LAPTOP] VALUES('S1FDTMHC', 3800, 16,512,19,3695)
INSERT INTO [FirmaKomputerowa].[dbo].[LAPTOP] VALUES('CG04LQQ7', 3700, 16,1024,15,3480)
INSERT INTO [FirmaKomputerowa].[dbo].[LAPTOP] VALUES('CTDQO92E', 2700, 32,2048,19,2930)
INSERT INTO [FirmaKomputerowa].[dbo].[LAPTOP] VALUES('9DLTUC1A', 2300, 8,2048,15,1930)
INSERT INTO [FirmaKomputerowa].[dbo].[LAPTOP] VALUES('1RHAHCR9', 3900, 32,2048,20,4160)
INSERT INTO [FirmaKomputerowa].[dbo].[LAPTOP] VALUES('E96E36HL', 3800, 8,512,15,3415)
INSERT INTO [FirmaKomputerowa].[dbo].[LAPTOP] VALUES('UCNGLPFH', 3800, 16,1024,20,3730)
INSERT INTO [FirmaKomputerowa].[dbo].[LAPTOP] VALUES('SSVYDKVZ', 3100, 32,2048,19,3330)
INSERT INTO [FirmaKomputerowa].[dbo].[LAPTOP] VALUES('4BMA9P8X', 2700, 8,2048,15,2330)
INSERT INTO [FirmaKomputerowa].[dbo].[LAPTOP] VALUES('L4JOLJ1G', 3300, 32,2048,17,3470)
INSERT INTO [FirmaKomputerowa].[dbo].[LAPTOP] VALUES('RUG159D8', 2300, 16,512,17,2135)
INSERT INTO [FirmaKomputerowa].[dbo].[LAPTOP] VALUES('PQ6VSEQN', 3300, 8,1024,17,2980)
INSERT INTO [FirmaKomputerowa].[dbo].[LAPTOP] VALUES('8TC7IYK3', 3300, 32,2048,19,3530)
INSERT INTO [FirmaKomputerowa].[dbo].[LAPTOP] VALUES('ZEGM66ME', 3200, 32,512,20,3445)
INSERT INTO [FirmaKomputerowa].[dbo].[LAPTOP] VALUES('JCFN7B8T', 2400, 8,1024,17,2080)
INSERT INTO [FirmaKomputerowa].[dbo].[LAPTOP] VALUES('IZLF8893', 3800, 16,1024,19,3700)
INSERT INTO [FirmaKomputerowa].[dbo].[LAPTOP] VALUES('5TMSRCVN', 3500, 8,512,15,3115)
INSERT INTO [FirmaKomputerowa].[dbo].[DRUKARKI] VALUES('KCUAJOAH',1,'atrament',680)
INSERT INTO [FirmaKomputerowa].[dbo].[DRUKARKI] VALUES('EUVB9ZRB',0,'laser',590)
INSERT INTO [FirmaKomputerowa].[dbo].[DRUKARKI] VALUES('BTGINCIQ',1,'atrament',800)
INSERT INTO [FirmaKomputerowa].[dbo].[DRUKARKI] VALUES('11VD1TGX',0,'atrament',750)
INSERT INTO [FirmaKomputerowa].[dbo].[DRUKARKI] VALUES('XIQ7F0X4',0,'laser',540)
INSERT INTO [FirmaKomputerowa].[dbo].[DRUKARKI] VALUES('B4TXBP7U',0,'atrament',600)
INSERT INTO [FirmaKomputerowa].[dbo].[DRUKARKI] VALUES('YCZR123I',0,'laser',800)
INSERT INTO [FirmaKomputerowa].[dbo].[DRUKARKI] VALUES('ZB3C4MI3',1,'atrament',730)
INSERT INTO [FirmaKomputerowa].[dbo].[DRUKARKI] VALUES('XDOPUS3H',0,'laser',710)
INSERT INTO [FirmaKomputerowa].[dbo].[DRUKARKI] VALUES('BE0FFGZS',1,'atrament',820)
INSERT INTO [FirmaKomputerowa].[dbo].[DRUKARKI] VALUES('0FRXD6K7',0,'atrament',550)
INSERT INTO [FirmaKomputerowa].[dbo].[DRUKARKI] VALUES('P99HOHWK',1,'laser',530)
INSERT INTO [FirmaKomputerowa].[dbo].[DRUKARKI] VALUES('PIRGXTG2',1,'laser',680)
INSERT INTO [FirmaKomputerowa].[dbo].[DRUKARKI] VALUES('ZU5XML0R',0,'laser',770)
INSERT INTO [FirmaKomputerowa].[dbo].[DRUKARKI] VALUES('MA9REWZO',0,'laser',770)
INSERT INTO [FirmaKomputerowa].[dbo].[DRUKARKI] VALUES('W3ZTS5ZJ',0,'atrament',740)
INSERT INTO [FirmaKomputerowa].[dbo].[DRUKARKI] VALUES('DUR7QL2U',1,'laser',680)
INSERT INTO [FirmaKomputerowa].[dbo].[DRUKARKI] VALUES('72WXQ6SK',0,'atrament',760)
INSERT INTO [FirmaKomputerowa].[dbo].[DRUKARKI] VALUES('Q8D5RJLT',1,'laser',730)
INSERT INTO [FirmaKomputerowa].[dbo].[DRUKARKI] VALUES('OGB97DBX',1,'atrament',800)
INSERT INTO [FirmaKomputerowa].[dbo].[DRUKARKI] VALUES('GOTYZUJ1',0,'atrament',850)
INSERT INTO [FirmaKomputerowa].[dbo].[DRUKARKI] VALUES('V9N2AIWI',0,'atrament',890)
INSERT INTO [FirmaKomputerowa].[dbo].[DRUKARKI] VALUES('GIDHV6NN',1,'laser',670)
INSERT INTO [FirmaKomputerowa].[dbo].[DRUKARKI] VALUES('M84TW39L',1,'laser',640)
INSERT INTO [FirmaKomputerowa].[dbo].[DRUKARKI] VALUES('Z2JTWZX0',1,'atrament',620)
INSERT INTO [FirmaKomputerowa].[dbo].[DRUKARKI] VALUES('VWG2NY14',1,'laser',700)
INSERT INTO [FirmaKomputerowa].[dbo].[DRUKARKI] VALUES('483XLLF6',0,'atrament',590)
INSERT INTO [FirmaKomputerowa].[dbo].[DRUKARKI] VALUES('1CNT3YN6',0,'atrament',850)
INSERT INTO [FirmaKomputerowa].[dbo].[DRUKARKI] VALUES('CXWNU5L2',0,'laser',560)
INSERT INTO [FirmaKomputerowa].[dbo].[DRUKARKI] VALUES('ITUF11OF',0,'laser',610)
INSERT INTO [FirmaKomputerowa].[dbo].[DRUKARKI] VALUES('BCR7NZ66',0,'atrament',790)
INSERT INTO [FirmaKomputerowa].[dbo].[DRUKARKI] VALUES('HB2RPRIZ',1,'atrament',530)
INSERT INTO [FirmaKomputerowa].[dbo].[DRUKARKI] VALUES('2QO8LST7',0,'atrament',650)
INSERT INTO [FirmaKomputerowa].[dbo].[DRUKARKI] VALUES('JVLWEXLL',0,'atrament',740)
INSERT INTO [FirmaKomputerowa].[dbo].[DRUKARKI] VALUES('8EJ6RYHE',0,'laser',550)
INSERT INTO [FirmaKomputerowa].[dbo].[DRUKARKI] VALUES('80DC7BTV',1,'laser',740)
INSERT INTO [FirmaKomputerowa].[dbo].[DRUKARKI] VALUES('8D18NPLW',0,'laser',760)
INSERT INTO [FirmaKomputerowa].[dbo].[DRUKARKI] VALUES('MV6EGEYJ',1,'laser',770)
INSERT INTO [FirmaKomputerowa].[dbo].[DRUKARKI] VALUES('85800G2V',1,'atrament',870)
