INSERT INTO [FirmaKomputerowa].[dbo].[Produkty](model,typ,producent) VALUES('TG5SL7J9',' pc',' MSI')
INSERT INTO [FirmaKomputerowa].[dbo].[Produkty](model,typ,producent) VALUES('RLTWJZTC',' pc',' MSI')
INSERT INTO [FirmaKomputerowa].[dbo].[Produkty](model,typ,producent) VALUES('ILAIOC8W',' pc',' DELL')
INSERT INTO [FirmaKomputerowa].[dbo].[Produkty](model,typ,producent) VALUES('DCIEDO6A',' pc',' APPLE')
INSERT INTO [FirmaKomputerowa].[dbo].[Produkty](model,typ,producent) VALUES('664LFSAH',' pc',' MSI')
INSERT INTO [FirmaKomputerowa].[dbo].[Produkty](model,typ,producent) VALUES('4E6VGJSN',' pc',' LENOVO')
INSERT INTO [FirmaKomputerowa].[dbo].[Produkty](model,typ,producent) VALUES('GK13UY4G',' pc',' APPLE')
INSERT INTO [FirmaKomputerowa].[dbo].[Produkty](model,typ,producent) VALUES('GNHE0I1W',' pc',' DELL')
INSERT INTO [FirmaKomputerowa].[dbo].[Produkty](model,typ,producent) VALUES('W7GSIHXE',' pc',' HP')
INSERT INTO [FirmaKomputerowa].[dbo].[Produkty](model,typ,producent) VALUES('GS69V0D0',' pc',' ACER')
INSERT INTO [FirmaKomputerowa].[dbo].[Produkty](model,typ,producent) VALUES('HDMFQ9V3',' pc',' ACER')
INSERT INTO [FirmaKomputerowa].[dbo].[Produkty](model,typ,producent) VALUES('GZOY3UD6',' pc',' MSI')
INSERT INTO [FirmaKomputerowa].[dbo].[Produkty](model,typ,producent) VALUES('EXCUFQGX',' pc',' HP')
INSERT INTO [FirmaKomputerowa].[dbo].[Produkty](model,typ,producent) VALUES('AH1RAASU',' pc',' HP')
INSERT INTO [FirmaKomputerowa].[dbo].[Produkty](model,typ,producent) VALUES('3QQH7OOR',' pc',' MSI')
INSERT INTO [FirmaKomputerowa].[dbo].[Produkty](model,typ,producent) VALUES('ESYM5ZK9',' pc',' DELL')
INSERT INTO [FirmaKomputerowa].[dbo].[Produkty](model,typ,producent) VALUES('XX7583LV',' pc',' HP')
INSERT INTO [FirmaKomputerowa].[dbo].[Produkty](model,typ,producent) VALUES('BZZNGJBJ',' pc',' MSI')
INSERT INTO [FirmaKomputerowa].[dbo].[Produkty](model,typ,producent) VALUES('870XFYBC',' pc',' DELL')
INSERT INTO [FirmaKomputerowa].[dbo].[Produkty](model,typ,producent) VALUES('8YLBGB74',' pc',' APPLE')
INSERT INTO [FirmaKomputerowa].[dbo].[Produkty](model,typ,producent) VALUES('V7RX5M2M',' pc',' ACER')
INSERT INTO [FirmaKomputerowa].[dbo].[Produkty](model,typ,producent) VALUES('Z0LOKVKL',' laptop',' DELL')
INSERT INTO [FirmaKomputerowa].[dbo].[Produkty](model,typ,producent) VALUES('MARI46YM',' laptop',' ASUS')
INSERT INTO [FirmaKomputerowa].[dbo].[Produkty](model,typ,producent) VALUES('K9TYPMMQ',' laptop',' MSI')
INSERT INTO [FirmaKomputerowa].[dbo].[Produkty](model,typ,producent) VALUES('7LBN437M',' laptop',' MSI')
INSERT INTO [FirmaKomputerowa].[dbo].[Produkty](model,typ,producent) VALUES('3TNZ148V',' laptop',' APPLE')
INSERT INTO [FirmaKomputerowa].[dbo].[Produkty](model,typ,producent) VALUES('PMDV8SPS',' laptop',' MSI')
INSERT INTO [FirmaKomputerowa].[dbo].[Produkty](model,typ,producent) VALUES('HAK9B4JM',' laptop',' DELL')
INSERT INTO [FirmaKomputerowa].[dbo].[Produkty](model,typ,producent) VALUES('A8FXLRU5',' laptop',' APPLE')
INSERT INTO [FirmaKomputerowa].[dbo].[Produkty](model,typ,producent) VALUES('TUIZZ4R7',' laptop',' DELL')
INSERT INTO [FirmaKomputerowa].[dbo].[Produkty](model,typ,producent) VALUES('IMNS8MQZ',' laptop',' MSI')
INSERT INTO [FirmaKomputerowa].[dbo].[Produkty](model,typ,producent) VALUES('B3RSQP48',' laptop',' ACER')
INSERT INTO [FirmaKomputerowa].[dbo].[Produkty](model,typ,producent) VALUES('Z1AVADZ5',' laptop',' ASUS')
INSERT INTO [FirmaKomputerowa].[dbo].[Produkty](model,typ,producent) VALUES('ESLPRE1B',' laptop',' ASUS')
INSERT INTO [FirmaKomputerowa].[dbo].[Produkty](model,typ,producent) VALUES('WRA2HWGT',' laptop',' DELL')
INSERT INTO [FirmaKomputerowa].[dbo].[Produkty](model,typ,producent) VALUES('LBE251I2',' laptop',' DELL')
INSERT INTO [FirmaKomputerowa].[dbo].[Produkty](model,typ,producent) VALUES('DXMK3CPM',' laptop',' LENOVO')
INSERT INTO [FirmaKomputerowa].[dbo].[Produkty](model,typ,producent) VALUES('AVMN1PPH',' laptop',' HP')
INSERT INTO [FirmaKomputerowa].[dbo].[Produkty](model,typ,producent) VALUES('W6UNPRBO',' laptop',' APPLE')
INSERT INTO [FirmaKomputerowa].[dbo].[Produkty](model,typ,producent) VALUES('2LXTHY9X',' laptop',' MSI')
INSERT INTO [FirmaKomputerowa].[dbo].[Produkty](model,typ,producent) VALUES('XMY7N5QG',' laptop',' ASUS')
INSERT INTO [FirmaKomputerowa].[dbo].[Produkty](model,typ,producent) VALUES('Z8JZNXLW',' drukarka',' SAMSUNG')
INSERT INTO [FirmaKomputerowa].[dbo].[Produkty](model,typ,producent) VALUES('UZH4IPIW',' drukarka',' HP')
INSERT INTO [FirmaKomputerowa].[dbo].[Produkty](model,typ,producent) VALUES('SQNXNDB2',' drukarka',' SAMSUNG')
INSERT INTO [FirmaKomputerowa].[dbo].[Produkty](model,typ,producent) VALUES('1YTZ7IUL',' drukarka',' EPSON')
INSERT INTO [FirmaKomputerowa].[dbo].[Produkty](model,typ,producent) VALUES('UD89IV2P',' drukarka',' SAMSUNG')
INSERT INTO [FirmaKomputerowa].[dbo].[Produkty](model,typ,producent) VALUES('F2DJZ147',' drukarka',' CANON')
INSERT INTO [FirmaKomputerowa].[dbo].[Produkty](model,typ,producent) VALUES('TCUGYU2T',' drukarka',' SAMSUNG')
INSERT INTO [FirmaKomputerowa].[dbo].[Produkty](model,typ,producent) VALUES('M419K78X',' drukarka',' EPSON')
INSERT INTO [FirmaKomputerowa].[dbo].[Produkty](model,typ,producent) VALUES('BTH247E5',' drukarka',' SAMSUNG')
INSERT INTO [FirmaKomputerowa].[dbo].[Produkty](model,typ,producent) VALUES('1S825ASA',' drukarka',' BOTHER')
INSERT INTO [FirmaKomputerowa].[dbo].[Produkty](model,typ,producent) VALUES('5OPNHZXP',' drukarka',' EPSON')
INSERT INTO [FirmaKomputerowa].[dbo].[Produkty](model,typ,producent) VALUES('HGSGKCI2',' drukarka',' BOTHER')
INSERT INTO [FirmaKomputerowa].[dbo].[Produkty](model,typ,producent) VALUES('S0HXB3VB',' drukarka',' HP')
INSERT INTO [FirmaKomputerowa].[dbo].[Produkty](model,typ,producent) VALUES('9U90QKXD',' drukarka',' BOTHER')
INSERT INTO [FirmaKomputerowa].[dbo].[Produkty](model,typ,producent) VALUES('DXLSFPM7',' drukarka',' CANON')
INSERT INTO [FirmaKomputerowa].[dbo].[Produkty](model,typ,producent) VALUES('RUH6TCWA',' drukarka',' BOTHER')
INSERT INTO [FirmaKomputerowa].[dbo].[Produkty](model,typ,producent) VALUES('CHMV2FYX',' drukarka',' SAMSUNG')
INSERT INTO [FirmaKomputerowa].[dbo].[Produkty](model,typ,producent) VALUES('VQ0ITG2E',' drukarka',' HP')
INSERT INTO [FirmaKomputerowa].[dbo].[Produkty](model,typ,producent) VALUES('CAV2KDED',' drukarka',' EPSON')
INSERT INTO [FirmaKomputerowa].[dbo].[PC] VALUES('TG5SL7J9', 3600, 8,512,'x16',15,3215)
INSERT INTO [FirmaKomputerowa].[dbo].[PC] VALUES('RLTWJZTC', 2800, 8,1024,'x16',20,2570)
INSERT INTO [FirmaKomputerowa].[dbo].[PC] VALUES('ILAIOC8W', 2900, 32,512,'x16',17,3055)
INSERT INTO [FirmaKomputerowa].[dbo].[PC] VALUES('DCIEDO6A', 3000, 32,1024,'x16',17,3160)
INSERT INTO [FirmaKomputerowa].[dbo].[PC] VALUES('664LFSAH', 2000, 8,512,'x8',20,1765)
INSERT INTO [FirmaKomputerowa].[dbo].[PC] VALUES('4E6VGJSN', 3100, 8,2048,'x8',20,2880)
INSERT INTO [FirmaKomputerowa].[dbo].[PC] VALUES('GK13UY4G', 2400, 16,2048,'x16',20,2340)
INSERT INTO [FirmaKomputerowa].[dbo].[PC] VALUES('GNHE0I1W', 3100, 32,2048,'x8',17,3270)
INSERT INTO [FirmaKomputerowa].[dbo].[PC] VALUES('W7GSIHXE', 2400, 32,512,'x16',19,2615)
INSERT INTO [FirmaKomputerowa].[dbo].[PC] VALUES('GS69V0D0', 2500, 32,512,'x8',15,2595)
INSERT INTO [FirmaKomputerowa].[dbo].[PC] VALUES('HDMFQ9V3', 3000, 16,512,'x16',17,2835)
INSERT INTO [FirmaKomputerowa].[dbo].[PC] VALUES('GZOY3UD6', 3500, 32,1024,'x8',19,3720)
INSERT INTO [FirmaKomputerowa].[dbo].[PC] VALUES('EXCUFQGX', 2800, 16,512,'x16',19,2695)
INSERT INTO [FirmaKomputerowa].[dbo].[PC] VALUES('AH1RAASU', 2000, 8,1024,'x16',20,1770)
INSERT INTO [FirmaKomputerowa].[dbo].[PC] VALUES('3QQH7OOR', 3300, 8,512,'x16',15,2915)
INSERT INTO [FirmaKomputerowa].[dbo].[PC] VALUES('ESYM5ZK9', 2200, 32,512,'x16',19,2415)
INSERT INTO [FirmaKomputerowa].[dbo].[PC] VALUES('XX7583LV', 3300, 32,1024,'x8',17,3460)
INSERT INTO [FirmaKomputerowa].[dbo].[PC] VALUES('BZZNGJBJ', 3200, 8,2048,'x8',15,2830)
INSERT INTO [FirmaKomputerowa].[dbo].[PC] VALUES('870XFYBC', 3200, 8,1024,'x16',20,2970)
INSERT INTO [FirmaKomputerowa].[dbo].[PC] VALUES('8YLBGB74', 3700, 16,1024,'x8',19,3600)
INSERT INTO [FirmaKomputerowa].[dbo].[PC] VALUES('V7RX5M2M', 2200, 16,512,'x8',19,2095)
INSERT INTO [FirmaKomputerowa].[dbo].[LAPTOP] VALUES('Z0LOKVKL', 2800, 16,1024,20,2730)
INSERT INTO [FirmaKomputerowa].[dbo].[LAPTOP] VALUES('MARI46YM', 2600, 8,2048,20,2380)
INSERT INTO [FirmaKomputerowa].[dbo].[LAPTOP] VALUES('K9TYPMMQ', 2700, 32,1024,20,2950)
INSERT INTO [FirmaKomputerowa].[dbo].[LAPTOP] VALUES('7LBN437M', 2500, 16,512,19,2395)
INSERT INTO [FirmaKomputerowa].[dbo].[LAPTOP] VALUES('3TNZ148V', 2500, 8,2048,17,2190)
INSERT INTO [FirmaKomputerowa].[dbo].[LAPTOP] VALUES('PMDV8SPS', 2800, 16,1024,19,2700)
INSERT INTO [FirmaKomputerowa].[dbo].[LAPTOP] VALUES('HAK9B4JM', 2300, 16,1024,15,2080)
INSERT INTO [FirmaKomputerowa].[dbo].[LAPTOP] VALUES('A8FXLRU5', 2300, 16,512,19,2195)
INSERT INTO [FirmaKomputerowa].[dbo].[LAPTOP] VALUES('TUIZZ4R7', 2700, 16,2048,15,2490)
INSERT INTO [FirmaKomputerowa].[dbo].[LAPTOP] VALUES('IMNS8MQZ', 3400, 8,2048,15,3030)
INSERT INTO [FirmaKomputerowa].[dbo].[LAPTOP] VALUES('B3RSQP48', 3700, 16,512,20,3625)
INSERT INTO [FirmaKomputerowa].[dbo].[LAPTOP] VALUES('Z1AVADZ5', 2600, 8,1024,20,2370)
INSERT INTO [FirmaKomputerowa].[dbo].[LAPTOP] VALUES('ESLPRE1B', 2300, 32,2048,15,2410)
INSERT INTO [FirmaKomputerowa].[dbo].[LAPTOP] VALUES('WRA2HWGT', 2600, 32,512,20,2845)
INSERT INTO [FirmaKomputerowa].[dbo].[LAPTOP] VALUES('LBE251I2', 2000, 32,1024,20,2250)
INSERT INTO [FirmaKomputerowa].[dbo].[LAPTOP] VALUES('DXMK3CPM', 3300, 32,1024,20,3550)
INSERT INTO [FirmaKomputerowa].[dbo].[LAPTOP] VALUES('AVMN1PPH', 3100, 32,1024,20,3350)
INSERT INTO [FirmaKomputerowa].[dbo].[LAPTOP] VALUES('W6UNPRBO', 3100, 32,512,15,3195)
INSERT INTO [FirmaKomputerowa].[dbo].[LAPTOP] VALUES('2LXTHY9X', 2700, 32,1024,20,2950)
INSERT INTO [FirmaKomputerowa].[dbo].[LAPTOP] VALUES('XMY7N5QG', 2200, 16,1024,15,1980)
INSERT INTO [FirmaKomputerowa].[dbo].[DRUKARKA] VALUES('Z8JZNXLW',1,'laser',850
INSERT INTO [FirmaKomputerowa].[dbo].[DRUKARKA] VALUES('UZH4IPIW',1,'laser',590
INSERT INTO [FirmaKomputerowa].[dbo].[DRUKARKA] VALUES('SQNXNDB2',0,'laser',640
INSERT INTO [FirmaKomputerowa].[dbo].[DRUKARKA] VALUES('1YTZ7IUL',0,'atrament',840
INSERT INTO [FirmaKomputerowa].[dbo].[DRUKARKA] VALUES('UD89IV2P',0,'laser',650
INSERT INTO [FirmaKomputerowa].[dbo].[DRUKARKA] VALUES('F2DJZ147',1,'laser',670
INSERT INTO [FirmaKomputerowa].[dbo].[DRUKARKA] VALUES('TCUGYU2T',0,'laser',770
INSERT INTO [FirmaKomputerowa].[dbo].[DRUKARKA] VALUES('M419K78X',0,'atrament',630
INSERT INTO [FirmaKomputerowa].[dbo].[DRUKARKA] VALUES('BTH247E5',1,'atrament',780
INSERT INTO [FirmaKomputerowa].[dbo].[DRUKARKA] VALUES('1S825ASA',0,'laser',550
INSERT INTO [FirmaKomputerowa].[dbo].[DRUKARKA] VALUES('5OPNHZXP',0,'atrament',670
INSERT INTO [FirmaKomputerowa].[dbo].[DRUKARKA] VALUES('HGSGKCI2',1,'atrament',530
INSERT INTO [FirmaKomputerowa].[dbo].[DRUKARKA] VALUES('S0HXB3VB',0,'atrament',560
INSERT INTO [FirmaKomputerowa].[dbo].[DRUKARKA] VALUES('9U90QKXD',1,'laser',860
INSERT INTO [FirmaKomputerowa].[dbo].[DRUKARKA] VALUES('DXLSFPM7',1,'laser',750
INSERT INTO [FirmaKomputerowa].[dbo].[DRUKARKA] VALUES('RUH6TCWA',1,'laser',620
INSERT INTO [FirmaKomputerowa].[dbo].[DRUKARKA] VALUES('CHMV2FYX',0,'laser',570
INSERT INTO [FirmaKomputerowa].[dbo].[DRUKARKA] VALUES('VQ0ITG2E',0,'atrament',890
INSERT INTO [FirmaKomputerowa].[dbo].[DRUKARKA] VALUES('CAV2KDED',1,'laser',630
