INSERT INTO [FirmaKomputerowa].[dbo].[Produkty](model,typ,producent) VALUES('8D6RNB15',' pc',' MSI')
INSERT INTO [FirmaKomputerowa].[dbo].[Produkty](model,typ,producent) VALUES('Y3SL6463',' pc',' LENOVO')
INSERT INTO [FirmaKomputerowa].[dbo].[Produkty](model,typ,producent) VALUES('2ZV2UY9N',' pc',' HP')
INSERT INTO [FirmaKomputerowa].[dbo].[Produkty](model,typ,producent) VALUES('M87RR0MK',' pc',' LENOVO')
INSERT INTO [FirmaKomputerowa].[dbo].[Produkty](model,typ,producent) VALUES('QVLYEDL3',' pc',' LENOVO')
INSERT INTO [FirmaKomputerowa].[dbo].[Produkty](model,typ,producent) VALUES('6P26FNJL',' pc',' MSI')
INSERT INTO [FirmaKomputerowa].[dbo].[Produkty](model,typ,producent) VALUES('KGTHRARO',' pc',' APPLE')
INSERT INTO [FirmaKomputerowa].[dbo].[Produkty](model,typ,producent) VALUES('UHM29WUQ',' pc',' LENOVO')
INSERT INTO [FirmaKomputerowa].[dbo].[Produkty](model,typ,producent) VALUES('5DUSR0ND',' pc',' APPLE')
INSERT INTO [FirmaKomputerowa].[dbo].[Produkty](model,typ,producent) VALUES('2P2UHGKB',' pc',' DELL')
INSERT INTO [FirmaKomputerowa].[dbo].[Produkty](model,typ,producent) VALUES('0IDLHZG0',' pc',' HP')
INSERT INTO [FirmaKomputerowa].[dbo].[Produkty](model,typ,producent) VALUES('9EPGMZEN',' pc',' LENOVO')
INSERT INTO [FirmaKomputerowa].[dbo].[Produkty](model,typ,producent) VALUES('52Y24NCY',' pc',' APPLE')
INSERT INTO [FirmaKomputerowa].[dbo].[Produkty](model,typ,producent) VALUES('E99GR8R3',' pc',' LENOVO')
INSERT INTO [FirmaKomputerowa].[dbo].[Produkty](model,typ,producent) VALUES('EU64L0EN',' pc',' APPLE')
INSERT INTO [FirmaKomputerowa].[dbo].[Produkty](model,typ,producent) VALUES('SWDCP38O',' pc',' LENOVO')
INSERT INTO [FirmaKomputerowa].[dbo].[Produkty](model,typ,producent) VALUES('P8N0JS1C',' pc',' ACER')
INSERT INTO [FirmaKomputerowa].[dbo].[Produkty](model,typ,producent) VALUES('W2WRYSSA',' pc',' ACER')
INSERT INTO [FirmaKomputerowa].[dbo].[Produkty](model,typ,producent) VALUES('KAR8XROT',' pc',' DELL')
INSERT INTO [FirmaKomputerowa].[dbo].[Produkty](model,typ,producent) VALUES('5BUGHDYC',' pc',' APPLE')
INSERT INTO [FirmaKomputerowa].[dbo].[Produkty](model,typ,producent) VALUES('3OLODI9S',' pc',' HP')
INSERT INTO [FirmaKomputerowa].[dbo].[Produkty](model,typ,producent) VALUES('NB7UTPAY',' laptop',' MSI')
INSERT INTO [FirmaKomputerowa].[dbo].[Produkty](model,typ,producent) VALUES('2QK6MZQ5',' laptop',' DELL')
INSERT INTO [FirmaKomputerowa].[dbo].[Produkty](model,typ,producent) VALUES('GQVS2VXZ',' laptop',' ACER')
INSERT INTO [FirmaKomputerowa].[dbo].[Produkty](model,typ,producent) VALUES('S66I9F6A',' laptop',' HP')
INSERT INTO [FirmaKomputerowa].[dbo].[Produkty](model,typ,producent) VALUES('EKREGTZ6',' laptop',' ACER')
INSERT INTO [FirmaKomputerowa].[dbo].[Produkty](model,typ,producent) VALUES('U6CV8IH2',' laptop',' DELL')
INSERT INTO [FirmaKomputerowa].[dbo].[Produkty](model,typ,producent) VALUES('94JM743R',' laptop',' APPLE')
INSERT INTO [FirmaKomputerowa].[dbo].[Produkty](model,typ,producent) VALUES('RTREALHL',' laptop',' ACER')
INSERT INTO [FirmaKomputerowa].[dbo].[Produkty](model,typ,producent) VALUES('TBKB35AC',' laptop',' APPLE')
INSERT INTO [FirmaKomputerowa].[dbo].[Produkty](model,typ,producent) VALUES('T68YBHD6',' laptop',' LENOVO')
INSERT INTO [FirmaKomputerowa].[dbo].[Produkty](model,typ,producent) VALUES('I2NWLY1I',' laptop',' MSI')
INSERT INTO [FirmaKomputerowa].[dbo].[Produkty](model,typ,producent) VALUES('EP50NWXX',' laptop',' APPLE')
INSERT INTO [FirmaKomputerowa].[dbo].[Produkty](model,typ,producent) VALUES('27AOL4BJ',' laptop',' HP')
INSERT INTO [FirmaKomputerowa].[dbo].[Produkty](model,typ,producent) VALUES('32RKBDE9',' laptop',' HP')
INSERT INTO [FirmaKomputerowa].[dbo].[Produkty](model,typ,producent) VALUES('H60VKVR6',' laptop',' ACER')
INSERT INTO [FirmaKomputerowa].[dbo].[Produkty](model,typ,producent) VALUES('72TLBOQL',' laptop',' ASUS')
INSERT INTO [FirmaKomputerowa].[dbo].[Produkty](model,typ,producent) VALUES('F4QTVBE7',' laptop',' HP')
INSERT INTO [FirmaKomputerowa].[dbo].[Produkty](model,typ,producent) VALUES('63O1WOCQ',' laptop',' APPLE')
INSERT INTO [FirmaKomputerowa].[dbo].[Produkty](model,typ,producent) VALUES('9GXP6PHD',' laptop',' HP')
INSERT INTO [FirmaKomputerowa].[dbo].[Produkty](model,typ,producent) VALUES('BR0C30E8',' laptop',' LENOVO')
INSERT INTO [FirmaKomputerowa].[dbo].[Produkty](model,typ,producent) VALUES('DXLYRMFV',' drukarka',' HP')
INSERT INTO [FirmaKomputerowa].[dbo].[Produkty](model,typ,producent) VALUES('IFGEJVYR',' drukarka',' HP')
INSERT INTO [FirmaKomputerowa].[dbo].[Produkty](model,typ,producent) VALUES('L07BMRUC',' drukarka',' EPSON')
INSERT INTO [FirmaKomputerowa].[dbo].[Produkty](model,typ,producent) VALUES('Z3AYXXJ9',' drukarka',' CANON')
INSERT INTO [FirmaKomputerowa].[dbo].[Produkty](model,typ,producent) VALUES('OKZKKKN8',' drukarka',' SAMSUNG')
INSERT INTO [FirmaKomputerowa].[dbo].[Produkty](model,typ,producent) VALUES('K6IFOMV2',' drukarka',' BOTHER')
INSERT INTO [FirmaKomputerowa].[dbo].[Produkty](model,typ,producent) VALUES('HBL3EO7P',' drukarka',' CANON')
INSERT INTO [FirmaKomputerowa].[dbo].[Produkty](model,typ,producent) VALUES('BUST5J3J',' drukarka',' HP')
INSERT INTO [FirmaKomputerowa].[dbo].[Produkty](model,typ,producent) VALUES('OBPXYNTK',' drukarka',' HP')
INSERT INTO [FirmaKomputerowa].[dbo].[Produkty](model,typ,producent) VALUES('HUPYC4OB',' drukarka',' SAMSUNG')
INSERT INTO [FirmaKomputerowa].[dbo].[Produkty](model,typ,producent) VALUES('RUGLN5SL',' drukarka',' EPSON')
INSERT INTO [FirmaKomputerowa].[dbo].[Produkty](model,typ,producent) VALUES('P0A8MEFH',' drukarka',' CANON')
INSERT INTO [FirmaKomputerowa].[dbo].[Produkty](model,typ,producent) VALUES('3UN7K3I0',' drukarka',' SAMSUNG')
INSERT INTO [FirmaKomputerowa].[dbo].[Produkty](model,typ,producent) VALUES('MNSYE4ML',' drukarka',' CANON')
INSERT INTO [FirmaKomputerowa].[dbo].[Produkty](model,typ,producent) VALUES('9DYUEM8D',' drukarka',' EPSON')
INSERT INTO [FirmaKomputerowa].[dbo].[Produkty](model,typ,producent) VALUES('FIIKS5DV',' drukarka',' EPSON')
INSERT INTO [FirmaKomputerowa].[dbo].[Produkty](model,typ,producent) VALUES('UTKMDW9F',' drukarka',' SAMSUNG')
INSERT INTO [FirmaKomputerowa].[dbo].[Produkty](model,typ,producent) VALUES('61WGWAPG',' drukarka',' HP')
INSERT INTO [FirmaKomputerowa].[dbo].[Produkty](model,typ,producent) VALUES('CJPA8HJC',' drukarka',' EPSON')
INSERT INTO [FirmaKomputerowa].[dbo].[PC] VALUES('8D6RNB15', 3200, 8,2048,'x16',19,2950)
INSERT INTO [FirmaKomputerowa].[dbo].[PC] VALUES('Y3SL6463', 3000, 16,2048,'x16',17,2850)
INSERT INTO [FirmaKomputerowa].[dbo].[PC] VALUES('2ZV2UY9N', 3200, 8,512,'x16',20,2965)
INSERT INTO [FirmaKomputerowa].[dbo].[PC] VALUES('M87RR0MK', 2800, 8,512,'x16',20,2565)
INSERT INTO [FirmaKomputerowa].[dbo].[PC] VALUES('QVLYEDL3', 3200, 8,2048,'x8',20,2980)
INSERT INTO [FirmaKomputerowa].[dbo].[PC] VALUES('6P26FNJL', 2000, 8,512,'x16',19,1735)
INSERT INTO [FirmaKomputerowa].[dbo].[PC] VALUES('KGTHRARO', 2100, 8,512,'x8',17,1775)
INSERT INTO [FirmaKomputerowa].[dbo].[PC] VALUES('UHM29WUQ', 2100, 8,512,'x8',15,1715)
INSERT INTO [FirmaKomputerowa].[dbo].[PC] VALUES('5DUSR0ND', 3600, 32,512,'x8',19,3815)
INSERT INTO [FirmaKomputerowa].[dbo].[PC] VALUES('2P2UHGKB', 2100, 8,2048,'x8',19,1850)
INSERT INTO [FirmaKomputerowa].[dbo].[PC] VALUES('0IDLHZG0', 3700, 32,1024,'x8',20,3950)
INSERT INTO [FirmaKomputerowa].[dbo].[PC] VALUES('9EPGMZEN', 2800, 8,1024,'x16',19,2540)
INSERT INTO [FirmaKomputerowa].[dbo].[PC] VALUES('52Y24NCY', 2400, 8,512,'x8',17,2075)
INSERT INTO [FirmaKomputerowa].[dbo].[PC] VALUES('E99GR8R3', 3100, 8,2048,'x8',20,2880)
INSERT INTO [FirmaKomputerowa].[dbo].[PC] VALUES('EU64L0EN', 2600, 32,512,'x16',15,2695)
INSERT INTO [FirmaKomputerowa].[dbo].[PC] VALUES('SWDCP38O', 3400, 32,2048,'x16',19,3630)
INSERT INTO [FirmaKomputerowa].[dbo].[PC] VALUES('P8N0JS1C', 3900, 16,1024,'x16',19,3800)
INSERT INTO [FirmaKomputerowa].[dbo].[PC] VALUES('W2WRYSSA', 2300, 32,2048,'x8',20,2560)
INSERT INTO [FirmaKomputerowa].[dbo].[PC] VALUES('KAR8XROT', 3700, 16,1024,'x16',20,3630)
INSERT INTO [FirmaKomputerowa].[dbo].[PC] VALUES('5BUGHDYC', 3000, 16,512,'x16',20,2925)
INSERT INTO [FirmaKomputerowa].[dbo].[PC] VALUES('3OLODI9S', 2100, 8,1024,'x16',17,1780)
INSERT INTO [FirmaKomputerowa].[dbo].[LAPTOP] VALUES('NB7UTPAY', 2100, 32,1024,20,2350)
INSERT INTO [FirmaKomputerowa].[dbo].[LAPTOP] VALUES('2QK6MZQ5', 2300, 16,1024,19,2200)
INSERT INTO [FirmaKomputerowa].[dbo].[LAPTOP] VALUES('GQVS2VXZ', 2300, 16,1024,19,2200)
INSERT INTO [FirmaKomputerowa].[dbo].[LAPTOP] VALUES('S66I9F6A', 2500, 16,512,20,2425)
INSERT INTO [FirmaKomputerowa].[dbo].[LAPTOP] VALUES('EKREGTZ6', 2200, 16,512,20,2125)
INSERT INTO [FirmaKomputerowa].[dbo].[LAPTOP] VALUES('U6CV8IH2', 3400, 16,1024,15,3180)
INSERT INTO [FirmaKomputerowa].[dbo].[LAPTOP] VALUES('94JM743R', 3200, 8,2048,15,2830)
INSERT INTO [FirmaKomputerowa].[dbo].[LAPTOP] VALUES('RTREALHL', 3600, 16,2048,15,3390)
INSERT INTO [FirmaKomputerowa].[dbo].[LAPTOP] VALUES('TBKB35AC', 2000, 16,1024,17,1840)
INSERT INTO [FirmaKomputerowa].[dbo].[LAPTOP] VALUES('T68YBHD6', 2500, 32,512,17,2655)
INSERT INTO [FirmaKomputerowa].[dbo].[LAPTOP] VALUES('I2NWLY1I', 3000, 32,512,15,3095)
INSERT INTO [FirmaKomputerowa].[dbo].[LAPTOP] VALUES('EP50NWXX', 2400, 32,1024,19,2620)
INSERT INTO [FirmaKomputerowa].[dbo].[LAPTOP] VALUES('27AOL4BJ', 3000, 8,2048,17,2690)
INSERT INTO [FirmaKomputerowa].[dbo].[LAPTOP] VALUES('32RKBDE9', 2300, 16,1024,19,2200)
INSERT INTO [FirmaKomputerowa].[dbo].[LAPTOP] VALUES('H60VKVR6', 2600, 16,1024,15,2380)
INSERT INTO [FirmaKomputerowa].[dbo].[LAPTOP] VALUES('72TLBOQL', 3000, 8,2048,19,2750)
INSERT INTO [FirmaKomputerowa].[dbo].[LAPTOP] VALUES('F4QTVBE7', 3300, 16,2048,19,3210)
INSERT INTO [FirmaKomputerowa].[dbo].[LAPTOP] VALUES('63O1WOCQ', 3800, 32,1024,15,3900)
INSERT INTO [FirmaKomputerowa].[dbo].[LAPTOP] VALUES('9GXP6PHD', 3100, 32,1024,20,3350)
INSERT INTO [FirmaKomputerowa].[dbo].[LAPTOP] VALUES('BR0C30E8', 2300, 16,2048,20,2240)
INSERT INTO [FirmaKomputerowa].[dbo].[DRUKARKI] VALUES('DXLYRMFV',0,'atrament',740)
INSERT INTO [FirmaKomputerowa].[dbo].[DRUKARKI] VALUES('IFGEJVYR',1,'atrament',660)
INSERT INTO [FirmaKomputerowa].[dbo].[DRUKARKI] VALUES('L07BMRUC',0,'atrament',520)
INSERT INTO [FirmaKomputerowa].[dbo].[DRUKARKI] VALUES('Z3AYXXJ9',0,'atrament',830)
INSERT INTO [FirmaKomputerowa].[dbo].[DRUKARKI] VALUES('OKZKKKN8',0,'laser',870)
INSERT INTO [FirmaKomputerowa].[dbo].[DRUKARKI] VALUES('K6IFOMV2',0,'laser',730)
INSERT INTO [FirmaKomputerowa].[dbo].[DRUKARKI] VALUES('HBL3EO7P',1,'laser',520)
INSERT INTO [FirmaKomputerowa].[dbo].[DRUKARKI] VALUES('BUST5J3J',1,'atrament',810)
INSERT INTO [FirmaKomputerowa].[dbo].[DRUKARKI] VALUES('OBPXYNTK',1,'atrament',850)
INSERT INTO [FirmaKomputerowa].[dbo].[DRUKARKI] VALUES('HUPYC4OB',0,'laser',810)
INSERT INTO [FirmaKomputerowa].[dbo].[DRUKARKI] VALUES('RUGLN5SL',1,'atrament',740)
INSERT INTO [FirmaKomputerowa].[dbo].[DRUKARKI] VALUES('P0A8MEFH',0,'atrament',540)
INSERT INTO [FirmaKomputerowa].[dbo].[DRUKARKI] VALUES('3UN7K3I0',0,'atrament',890)
INSERT INTO [FirmaKomputerowa].[dbo].[DRUKARKI] VALUES('MNSYE4ML',1,'laser',600)
INSERT INTO [FirmaKomputerowa].[dbo].[DRUKARKI] VALUES('9DYUEM8D',0,'atrament',750)
INSERT INTO [FirmaKomputerowa].[dbo].[DRUKARKI] VALUES('FIIKS5DV',1,'atrament',720)
INSERT INTO [FirmaKomputerowa].[dbo].[DRUKARKI] VALUES('UTKMDW9F',0,'atrament',790)
INSERT INTO [FirmaKomputerowa].[dbo].[DRUKARKI] VALUES('61WGWAPG',1,'atrament',520)
INSERT INTO [FirmaKomputerowa].[dbo].[DRUKARKI] VALUES('CJPA8HJC',1,'atrament',820)
