INSERT INTO [FirmaKomputerowa].[dbo].[Produkty](model,typ,producent) VALUES('3F84J562',' pc',' MSI')
INSERT INTO [FirmaKomputerowa].[dbo].[Produkty](model,typ,producent) VALUES('39TDJMQC',' pc',' HP')
INSERT INTO [FirmaKomputerowa].[dbo].[Produkty](model,typ,producent) VALUES('QTXI3NL5',' pc',' APPLE')
INSERT INTO [FirmaKomputerowa].[dbo].[Produkty](model,typ,producent) VALUES('RZW1XPS1',' pc',' DELL')
INSERT INTO [FirmaKomputerowa].[dbo].[Produkty](model,typ,producent) VALUES('X1BCQDTG',' pc',' HP')
INSERT INTO [FirmaKomputerowa].[dbo].[Produkty](model,typ,producent) VALUES('GET3B45K',' pc',' HP')
INSERT INTO [FirmaKomputerowa].[dbo].[Produkty](model,typ,producent) VALUES('9ULUSNAO',' pc',' DELL')
INSERT INTO [FirmaKomputerowa].[dbo].[Produkty](model,typ,producent) VALUES('3CMEURK2',' pc',' LENOVO')
INSERT INTO [FirmaKomputerowa].[dbo].[Produkty](model,typ,producent) VALUES('SNCUZX1E',' pc',' ACER')
INSERT INTO [FirmaKomputerowa].[dbo].[Produkty](model,typ,producent) VALUES('MYX15M6T',' pc',' LENOVO')
INSERT INTO [FirmaKomputerowa].[dbo].[Produkty](model,typ,producent) VALUES('ZDIXCBA0',' pc',' DELL')
INSERT INTO [FirmaKomputerowa].[dbo].[Produkty](model,typ,producent) VALUES('JBTBSJSM',' pc',' APPLE')
INSERT INTO [FirmaKomputerowa].[dbo].[Produkty](model,typ,producent) VALUES('QO5Y2NWY',' pc',' ACER')
INSERT INTO [FirmaKomputerowa].[dbo].[Produkty](model,typ,producent) VALUES('PBGAIBKU',' pc',' ACER')
INSERT INTO [FirmaKomputerowa].[dbo].[Produkty](model,typ,producent) VALUES('D4KAU9SS',' pc',' DELL')
INSERT INTO [FirmaKomputerowa].[dbo].[Produkty](model,typ,producent) VALUES('HKFOJSOQ',' pc',' DELL')
INSERT INTO [FirmaKomputerowa].[dbo].[Produkty](model,typ,producent) VALUES('LAL4BOLU',' pc',' ACER')
INSERT INTO [FirmaKomputerowa].[dbo].[Produkty](model,typ,producent) VALUES('8I3S07TP',' pc',' MSI')
INSERT INTO [FirmaKomputerowa].[dbo].[Produkty](model,typ,producent) VALUES('XP45GJKO',' pc',' MSI')
INSERT INTO [FirmaKomputerowa].[dbo].[Produkty](model,typ,producent) VALUES('VB1XW269',' pc',' HP')
INSERT INTO [FirmaKomputerowa].[dbo].[Produkty](model,typ,producent) VALUES('OI36ZAKT',' pc',' LENOVO')
INSERT INTO [FirmaKomputerowa].[dbo].[Produkty](model,typ,producent) VALUES('JZUH43A1',' laptop',' DELL')
INSERT INTO [FirmaKomputerowa].[dbo].[Produkty](model,typ,producent) VALUES('KQ4BTWBZ',' laptop',' HP')
INSERT INTO [FirmaKomputerowa].[dbo].[Produkty](model,typ,producent) VALUES('7KWBW1NF',' laptop',' LENOVO')
INSERT INTO [FirmaKomputerowa].[dbo].[Produkty](model,typ,producent) VALUES('Y103UW9B',' laptop',' ACER')
INSERT INTO [FirmaKomputerowa].[dbo].[Produkty](model,typ,producent) VALUES('2NH8X41V',' laptop',' HP')
INSERT INTO [FirmaKomputerowa].[dbo].[Produkty](model,typ,producent) VALUES('ZMZG49SN',' laptop',' LENOVO')
INSERT INTO [FirmaKomputerowa].[dbo].[Produkty](model,typ,producent) VALUES('XIC23ZWM',' laptop',' DELL')
INSERT INTO [FirmaKomputerowa].[dbo].[Produkty](model,typ,producent) VALUES('KR5HCS7I',' laptop',' MSI')
INSERT INTO [FirmaKomputerowa].[dbo].[Produkty](model,typ,producent) VALUES('K8X1KBIY',' laptop',' APPLE')
INSERT INTO [FirmaKomputerowa].[dbo].[Produkty](model,typ,producent) VALUES('RS60LHNL',' laptop',' APPLE')
INSERT INTO [FirmaKomputerowa].[dbo].[Produkty](model,typ,producent) VALUES('WAURMK4Q',' laptop',' DELL')
INSERT INTO [FirmaKomputerowa].[dbo].[Produkty](model,typ,producent) VALUES('XRKHIVXH',' laptop',' MSI')
INSERT INTO [FirmaKomputerowa].[dbo].[Produkty](model,typ,producent) VALUES('W68BTF7F',' laptop',' APPLE')
INSERT INTO [FirmaKomputerowa].[dbo].[Produkty](model,typ,producent) VALUES('DUFY41ZK',' laptop',' LENOVO')
INSERT INTO [FirmaKomputerowa].[dbo].[Produkty](model,typ,producent) VALUES('13WM647V',' laptop',' LENOVO')
INSERT INTO [FirmaKomputerowa].[dbo].[Produkty](model,typ,producent) VALUES('RJJKCE20',' laptop',' MSI')
INSERT INTO [FirmaKomputerowa].[dbo].[Produkty](model,typ,producent) VALUES('4UQOUGQ1',' laptop',' ASUS')
INSERT INTO [FirmaKomputerowa].[dbo].[Produkty](model,typ,producent) VALUES('78WTS7N5',' laptop',' MSI')
INSERT INTO [FirmaKomputerowa].[dbo].[Produkty](model,typ,producent) VALUES('2J9EE88P',' laptop',' ASUS')
INSERT INTO [FirmaKomputerowa].[dbo].[Produkty](model,typ,producent) VALUES('U3RB6DM4',' laptop',' APPLE')
INSERT INTO [FirmaKomputerowa].[dbo].[Produkty](model,typ,producent) VALUES('1NIP5F89',' drukarka',' CANON')
INSERT INTO [FirmaKomputerowa].[dbo].[Produkty](model,typ,producent) VALUES('T81L6G09',' drukarka',' EPSON')
INSERT INTO [FirmaKomputerowa].[dbo].[Produkty](model,typ,producent) VALUES('P0QSPFK5',' drukarka',' SAMSUNG')
INSERT INTO [FirmaKomputerowa].[dbo].[Produkty](model,typ,producent) VALUES('N6CSGXHV',' drukarka',' EPSON')
INSERT INTO [FirmaKomputerowa].[dbo].[Produkty](model,typ,producent) VALUES('FMN4FFLP',' drukarka',' EPSON')
INSERT INTO [FirmaKomputerowa].[dbo].[Produkty](model,typ,producent) VALUES('EJ6LL6W7',' drukarka',' HP')
INSERT INTO [FirmaKomputerowa].[dbo].[Produkty](model,typ,producent) VALUES('JJ7DFAHU',' drukarka',' HP')
INSERT INTO [FirmaKomputerowa].[dbo].[Produkty](model,typ,producent) VALUES('TA2DDLYU',' drukarka',' CANON')
INSERT INTO [FirmaKomputerowa].[dbo].[Produkty](model,typ,producent) VALUES('DVULGAYF',' drukarka',' CANON')
INSERT INTO [FirmaKomputerowa].[dbo].[Produkty](model,typ,producent) VALUES('BCUG6JS8',' drukarka',' BOTHER')
INSERT INTO [FirmaKomputerowa].[dbo].[Produkty](model,typ,producent) VALUES('VCHNWVC1',' drukarka',' BOTHER')
INSERT INTO [FirmaKomputerowa].[dbo].[Produkty](model,typ,producent) VALUES('YBGUW1JS',' drukarka',' BOTHER')
INSERT INTO [FirmaKomputerowa].[dbo].[Produkty](model,typ,producent) VALUES('U8C6P9OF',' drukarka',' EPSON')
INSERT INTO [FirmaKomputerowa].[dbo].[Produkty](model,typ,producent) VALUES('SNETUE8C',' drukarka',' EPSON')
INSERT INTO [FirmaKomputerowa].[dbo].[Produkty](model,typ,producent) VALUES('P089IPW9',' drukarka',' HP')
INSERT INTO [FirmaKomputerowa].[dbo].[Produkty](model,typ,producent) VALUES('PQP36N68',' drukarka',' SAMSUNG')
INSERT INTO [FirmaKomputerowa].[dbo].[Produkty](model,typ,producent) VALUES('JYXH8QDU',' drukarka',' BOTHER')
INSERT INTO [FirmaKomputerowa].[dbo].[Produkty](model,typ,producent) VALUES('JFQBWUJ3',' drukarka',' CANON')
INSERT INTO [FirmaKomputerowa].[dbo].[Produkty](model,typ,producent) VALUES('NVZXJP49',' drukarka',' CANON')
INSERT INTO [FirmaKomputerowa].[dbo].[PC] VALUES('3F84J562', 2100, 32,1024,'x16',19,2320)
INSERT INTO [FirmaKomputerowa].[dbo].[PC] VALUES('39TDJMQC', 3200, 8,2048,'x8',20,2980)
INSERT INTO [FirmaKomputerowa].[dbo].[PC] VALUES('QTXI3NL5', 2400, 32,1024,'x16',19,2620)
INSERT INTO [FirmaKomputerowa].[dbo].[PC] VALUES('RZW1XPS1', 2000, 16,2048,'x16',17,1850)
INSERT INTO [FirmaKomputerowa].[dbo].[PC] VALUES('X1BCQDTG', 3700, 32,1024,'x8',19,3920)
INSERT INTO [FirmaKomputerowa].[dbo].[PC] VALUES('GET3B45K', 3000, 16,512,'x16',17,2835)
INSERT INTO [FirmaKomputerowa].[dbo].[PC] VALUES('9ULUSNAO', 2400, 16,2048,'x16',15,2190)
INSERT INTO [FirmaKomputerowa].[dbo].[PC] VALUES('3CMEURK2', 3700, 32,1024,'x16',20,3950)
INSERT INTO [FirmaKomputerowa].[dbo].[PC] VALUES('SNCUZX1E', 3800, 32,512,'x8',19,4015)
INSERT INTO [FirmaKomputerowa].[dbo].[PC] VALUES('MYX15M6T', 2000, 32,2048,'x8',19,2230)
INSERT INTO [FirmaKomputerowa].[dbo].[PC] VALUES('ZDIXCBA0', 3800, 16,512,'x16',20,3725)
INSERT INTO [FirmaKomputerowa].[dbo].[PC] VALUES('JBTBSJSM', 2300, 8,1024,'x8',15,1920)
INSERT INTO [FirmaKomputerowa].[dbo].[PC] VALUES('QO5Y2NWY', 2500, 32,512,'x16',19,2715)
INSERT INTO [FirmaKomputerowa].[dbo].[PC] VALUES('PBGAIBKU', 3700, 32,2048,'x16',20,3960)
INSERT INTO [FirmaKomputerowa].[dbo].[PC] VALUES('D4KAU9SS', 2200, 32,512,'x16',17,2355)
INSERT INTO [FirmaKomputerowa].[dbo].[PC] VALUES('HKFOJSOQ', 3800, 32,512,'x8',19,4015)
INSERT INTO [FirmaKomputerowa].[dbo].[PC] VALUES('LAL4BOLU', 3200, 16,512,'x8',19,3095)
INSERT INTO [FirmaKomputerowa].[dbo].[PC] VALUES('8I3S07TP', 3200, 8,1024,'x16',20,2970)
INSERT INTO [FirmaKomputerowa].[dbo].[PC] VALUES('XP45GJKO', 3400, 16,512,'x8',19,3295)
INSERT INTO [FirmaKomputerowa].[dbo].[PC] VALUES('VB1XW269', 2100, 32,512,'x16',20,2345)
INSERT INTO [FirmaKomputerowa].[dbo].[PC] VALUES('OI36ZAKT', 2400, 8,2048,'x8',19,2150)
INSERT INTO [FirmaKomputerowa].[dbo].[LAPTOP] VALUES('JZUH43A1', 2000, 8,1024,15,1620)
INSERT INTO [FirmaKomputerowa].[dbo].[LAPTOP] VALUES('KQ4BTWBZ', 3700, 16,512,20,3625)
INSERT INTO [FirmaKomputerowa].[dbo].[LAPTOP] VALUES('7KWBW1NF', 3200, 16,1024,19,3100)
INSERT INTO [FirmaKomputerowa].[dbo].[LAPTOP] VALUES('Y103UW9B', 2000, 16,2048,19,1910)
INSERT INTO [FirmaKomputerowa].[dbo].[LAPTOP] VALUES('2NH8X41V', 2700, 32,512,15,2795)
INSERT INTO [FirmaKomputerowa].[dbo].[LAPTOP] VALUES('ZMZG49SN', 3000, 16,2048,15,2790)
INSERT INTO [FirmaKomputerowa].[dbo].[LAPTOP] VALUES('XIC23ZWM', 2800, 8,1024,17,2480)
INSERT INTO [FirmaKomputerowa].[dbo].[LAPTOP] VALUES('KR5HCS7I', 3400, 8,1024,20,3170)
INSERT INTO [FirmaKomputerowa].[dbo].[LAPTOP] VALUES('K8X1KBIY', 2000, 16,1024,17,1840)
INSERT INTO [FirmaKomputerowa].[dbo].[LAPTOP] VALUES('RS60LHNL', 3500, 8,512,17,3175)
INSERT INTO [FirmaKomputerowa].[dbo].[LAPTOP] VALUES('WAURMK4Q', 3400, 32,2048,20,3660)
INSERT INTO [FirmaKomputerowa].[dbo].[LAPTOP] VALUES('XRKHIVXH', 3900, 16,2048,19,3810)
INSERT INTO [FirmaKomputerowa].[dbo].[LAPTOP] VALUES('W68BTF7F', 3600, 8,2048,17,3290)
INSERT INTO [FirmaKomputerowa].[dbo].[LAPTOP] VALUES('DUFY41ZK', 3600, 8,2048,17,3290)
INSERT INTO [FirmaKomputerowa].[dbo].[LAPTOP] VALUES('13WM647V', 2800, 8,2048,20,2580)
INSERT INTO [FirmaKomputerowa].[dbo].[LAPTOP] VALUES('RJJKCE20', 3800, 32,512,17,3955)
INSERT INTO [FirmaKomputerowa].[dbo].[LAPTOP] VALUES('4UQOUGQ1', 3900, 32,1024,19,4120)
INSERT INTO [FirmaKomputerowa].[dbo].[LAPTOP] VALUES('78WTS7N5', 3900, 32,2048,15,4010)
INSERT INTO [FirmaKomputerowa].[dbo].[LAPTOP] VALUES('2J9EE88P', 3400, 16,1024,20,3330)
INSERT INTO [FirmaKomputerowa].[dbo].[LAPTOP] VALUES('U3RB6DM4', 3700, 32,512,20,3945)
INSERT INTO [FirmaKomputerowa].[dbo].[DRUKARKA] VALUES('1NIP5F89',1,'laser',680
INSERT INTO [FirmaKomputerowa].[dbo].[DRUKARKA] VALUES('T81L6G09',0,'atrament',530
INSERT INTO [FirmaKomputerowa].[dbo].[DRUKARKA] VALUES('P0QSPFK5',1,'atrament',720
INSERT INTO [FirmaKomputerowa].[dbo].[DRUKARKA] VALUES('N6CSGXHV',1,'laser',730
INSERT INTO [FirmaKomputerowa].[dbo].[DRUKARKA] VALUES('FMN4FFLP',0,'atrament',670
INSERT INTO [FirmaKomputerowa].[dbo].[DRUKARKA] VALUES('EJ6LL6W7',1,'atrament',640
INSERT INTO [FirmaKomputerowa].[dbo].[DRUKARKA] VALUES('JJ7DFAHU',0,'laser',870
INSERT INTO [FirmaKomputerowa].[dbo].[DRUKARKA] VALUES('TA2DDLYU',1,'laser',560
INSERT INTO [FirmaKomputerowa].[dbo].[DRUKARKA] VALUES('DVULGAYF',1,'laser',760
INSERT INTO [FirmaKomputerowa].[dbo].[DRUKARKA] VALUES('BCUG6JS8',1,'laser',530
INSERT INTO [FirmaKomputerowa].[dbo].[DRUKARKA] VALUES('VCHNWVC1',1,'atrament',870
INSERT INTO [FirmaKomputerowa].[dbo].[DRUKARKA] VALUES('YBGUW1JS',1,'atrament',540
INSERT INTO [FirmaKomputerowa].[dbo].[DRUKARKA] VALUES('U8C6P9OF',0,'laser',830
INSERT INTO [FirmaKomputerowa].[dbo].[DRUKARKA] VALUES('SNETUE8C',1,'atrament',750
INSERT INTO [FirmaKomputerowa].[dbo].[DRUKARKA] VALUES('P089IPW9',1,'atrament',810
INSERT INTO [FirmaKomputerowa].[dbo].[DRUKARKA] VALUES('PQP36N68',1,'laser',690
INSERT INTO [FirmaKomputerowa].[dbo].[DRUKARKA] VALUES('JYXH8QDU',0,'laser',630
INSERT INTO [FirmaKomputerowa].[dbo].[DRUKARKA] VALUES('JFQBWUJ3',1,'atrament',520
INSERT INTO [FirmaKomputerowa].[dbo].[DRUKARKA] VALUES('NVZXJP49',1,'laser',530
