INSERT INTO [FirmaKomputerowa].[dbo].[Produkty](model,typ,producent) VALUES('XGBFU24L',' pc',' MSI')
INSERT INTO [FirmaKomputerowa].[dbo].[Produkty](model,typ,producent) VALUES('0II07QDD',' pc',' MSI')
INSERT INTO [FirmaKomputerowa].[dbo].[Produkty](model,typ,producent) VALUES('N71CLICQ',' pc',' MSI')
INSERT INTO [FirmaKomputerowa].[dbo].[Produkty](model,typ,producent) VALUES('GJXBUX4I',' pc',' LENOVO')
INSERT INTO [FirmaKomputerowa].[dbo].[Produkty](model,typ,producent) VALUES('N8AV5DUO',' pc',' APPLE')
INSERT INTO [FirmaKomputerowa].[dbo].[Produkty](model,typ,producent) VALUES('P0D54VYR',' pc',' ACER')
INSERT INTO [FirmaKomputerowa].[dbo].[Produkty](model,typ,producent) VALUES('KU42DENX',' pc',' DELL')
INSERT INTO [FirmaKomputerowa].[dbo].[Produkty](model,typ,producent) VALUES('YZXV5YF0',' pc',' DELL')
INSERT INTO [FirmaKomputerowa].[dbo].[Produkty](model,typ,producent) VALUES('O2CYS7IW',' pc',' ACER')
INSERT INTO [FirmaKomputerowa].[dbo].[Produkty](model,typ,producent) VALUES('KLOCMC3U',' pc',' ACER')
INSERT INTO [FirmaKomputerowa].[dbo].[Produkty](model,typ,producent) VALUES('QU55HHB5',' pc',' ACER')
INSERT INTO [FirmaKomputerowa].[dbo].[Produkty](model,typ,producent) VALUES('M45O0EQK',' pc',' ACER')
INSERT INTO [FirmaKomputerowa].[dbo].[Produkty](model,typ,producent) VALUES('1WC7UQPC',' pc',' MSI')
INSERT INTO [FirmaKomputerowa].[dbo].[Produkty](model,typ,producent) VALUES('WWMU1KAY',' pc',' LENOVO')
INSERT INTO [FirmaKomputerowa].[dbo].[Produkty](model,typ,producent) VALUES('KSU5WWH5',' pc',' ACER')
INSERT INTO [FirmaKomputerowa].[dbo].[Produkty](model,typ,producent) VALUES('36VKWCNC',' pc',' APPLE')
INSERT INTO [FirmaKomputerowa].[dbo].[Produkty](model,typ,producent) VALUES('WT9OQE5O',' pc',' LENOVO')
INSERT INTO [FirmaKomputerowa].[dbo].[Produkty](model,typ,producent) VALUES('M1DUOB8F',' pc',' ACER')
INSERT INTO [FirmaKomputerowa].[dbo].[Produkty](model,typ,producent) VALUES('E5APZYZV',' pc',' LENOVO')
INSERT INTO [FirmaKomputerowa].[dbo].[Produkty](model,typ,producent) VALUES('0MAJHYNO',' pc',' DELL')
INSERT INTO [FirmaKomputerowa].[dbo].[Produkty](model,typ,producent) VALUES('G5BPAHN4',' pc',' DELL')
INSERT INTO [FirmaKomputerowa].[dbo].[Produkty](model,typ,producent) VALUES('YIRTLQKI',' laptop',' LENOVO')
INSERT INTO [FirmaKomputerowa].[dbo].[Produkty](model,typ,producent) VALUES('7G4KZ58E',' laptop',' DELL')
INSERT INTO [FirmaKomputerowa].[dbo].[Produkty](model,typ,producent) VALUES('JDUOH972',' laptop',' MSI')
INSERT INTO [FirmaKomputerowa].[dbo].[Produkty](model,typ,producent) VALUES('ZZ52B4UA',' laptop',' MSI')
INSERT INTO [FirmaKomputerowa].[dbo].[Produkty](model,typ,producent) VALUES('YHBU89SQ',' laptop',' LENOVO')
INSERT INTO [FirmaKomputerowa].[dbo].[Produkty](model,typ,producent) VALUES('K5GGR5FE',' laptop',' APPLE')
INSERT INTO [FirmaKomputerowa].[dbo].[Produkty](model,typ,producent) VALUES('TJBRWTFV',' laptop',' HP')
INSERT INTO [FirmaKomputerowa].[dbo].[Produkty](model,typ,producent) VALUES('KEE90YSJ',' laptop',' ASUS')
INSERT INTO [FirmaKomputerowa].[dbo].[Produkty](model,typ,producent) VALUES('BZEU612W',' laptop',' ASUS')
INSERT INTO [FirmaKomputerowa].[dbo].[Produkty](model,typ,producent) VALUES('ETH9X7CA',' laptop',' APPLE')
INSERT INTO [FirmaKomputerowa].[dbo].[Produkty](model,typ,producent) VALUES('LHVRONQH',' laptop',' MSI')
INSERT INTO [FirmaKomputerowa].[dbo].[Produkty](model,typ,producent) VALUES('CKFRYI9E',' laptop',' MSI')
INSERT INTO [FirmaKomputerowa].[dbo].[Produkty](model,typ,producent) VALUES('X9NJZ9XB',' laptop',' DELL')
INSERT INTO [FirmaKomputerowa].[dbo].[Produkty](model,typ,producent) VALUES('LKRH6Z7G',' laptop',' DELL')
INSERT INTO [FirmaKomputerowa].[dbo].[Produkty](model,typ,producent) VALUES('KTK0EYQZ',' laptop',' MSI')
INSERT INTO [FirmaKomputerowa].[dbo].[Produkty](model,typ,producent) VALUES('1W59ASSP',' laptop',' DELL')
INSERT INTO [FirmaKomputerowa].[dbo].[Produkty](model,typ,producent) VALUES('NBRW4NLE',' laptop',' ASUS')
INSERT INTO [FirmaKomputerowa].[dbo].[Produkty](model,typ,producent) VALUES('35OPURGY',' laptop',' HP')
INSERT INTO [FirmaKomputerowa].[dbo].[Produkty](model,typ,producent) VALUES('E74Y3AX5',' laptop',' MSI')
INSERT INTO [FirmaKomputerowa].[dbo].[Produkty](model,typ,producent) VALUES('GMK8YRYT',' laptop',' LENOVO')
INSERT INTO [FirmaKomputerowa].[dbo].[Produkty](model,typ,producent) VALUES('UYZ7OA1W',' drukarka',' SAMSUNG')
INSERT INTO [FirmaKomputerowa].[dbo].[Produkty](model,typ,producent) VALUES('8MBN2M8O',' drukarka',' EPSON')
INSERT INTO [FirmaKomputerowa].[dbo].[Produkty](model,typ,producent) VALUES('HYHQ988F',' drukarka',' CANON')
INSERT INTO [FirmaKomputerowa].[dbo].[Produkty](model,typ,producent) VALUES('W5H60ALV',' drukarka',' SAMSUNG')
INSERT INTO [FirmaKomputerowa].[dbo].[Produkty](model,typ,producent) VALUES('5GS37HHY',' drukarka',' EPSON')
INSERT INTO [FirmaKomputerowa].[dbo].[Produkty](model,typ,producent) VALUES('N2T8AK9R',' drukarka',' SAMSUNG')
INSERT INTO [FirmaKomputerowa].[dbo].[Produkty](model,typ,producent) VALUES('7EZ09JIF',' drukarka',' CANON')
INSERT INTO [FirmaKomputerowa].[dbo].[Produkty](model,typ,producent) VALUES('WBVBCHMD',' drukarka',' BOTHER')
INSERT INTO [FirmaKomputerowa].[dbo].[Produkty](model,typ,producent) VALUES('8N1AJKPU',' drukarka',' BOTHER')
INSERT INTO [FirmaKomputerowa].[dbo].[Produkty](model,typ,producent) VALUES('IY576JFO',' drukarka',' EPSON')
INSERT INTO [FirmaKomputerowa].[dbo].[Produkty](model,typ,producent) VALUES('KEHJV1QV',' drukarka',' CANON')
INSERT INTO [FirmaKomputerowa].[dbo].[Produkty](model,typ,producent) VALUES('7L0MV6CB',' drukarka',' HP')
INSERT INTO [FirmaKomputerowa].[dbo].[Produkty](model,typ,producent) VALUES('D74OLO6A',' drukarka',' EPSON')
INSERT INTO [FirmaKomputerowa].[dbo].[Produkty](model,typ,producent) VALUES('5YFM5X0B',' drukarka',' SAMSUNG')
INSERT INTO [FirmaKomputerowa].[dbo].[Produkty](model,typ,producent) VALUES('AY19TYWR',' drukarka',' BOTHER')
INSERT INTO [FirmaKomputerowa].[dbo].[Produkty](model,typ,producent) VALUES('V5C845FC',' drukarka',' EPSON')
INSERT INTO [FirmaKomputerowa].[dbo].[Produkty](model,typ,producent) VALUES('W532NVKV',' drukarka',' SAMSUNG')
INSERT INTO [FirmaKomputerowa].[dbo].[Produkty](model,typ,producent) VALUES('SVQCVU8C',' drukarka',' BOTHER')
INSERT INTO [FirmaKomputerowa].[dbo].[Produkty](model,typ,producent) VALUES('MDOG13FK',' drukarka',' HP')
INSERT INTO [FirmaKomputerowa].[dbo].[PC] VALUES('XGBFU24L', 2700, 32,2048,'x8',15,2810)
INSERT INTO [FirmaKomputerowa].[dbo].[PC] VALUES('0II07QDD', 3600, 8,512,'x8',15,3215)
INSERT INTO [FirmaKomputerowa].[dbo].[PC] VALUES('N71CLICQ', 2400, 8,512,'x16',20,2165)
INSERT INTO [FirmaKomputerowa].[dbo].[PC] VALUES('GJXBUX4I', 3500, 8,2048,'x16',19,3250)
INSERT INTO [FirmaKomputerowa].[dbo].[PC] VALUES('N8AV5DUO', 2500, 16,2048,'x16',19,2410)
INSERT INTO [FirmaKomputerowa].[dbo].[PC] VALUES('P0D54VYR', 3600, 32,512,'x8',15,3695)
INSERT INTO [FirmaKomputerowa].[dbo].[PC] VALUES('KU42DENX', 3900, 16,512,'x8',20,3825)
INSERT INTO [FirmaKomputerowa].[dbo].[PC] VALUES('YZXV5YF0', 3300, 8,512,'x8',19,3035)
INSERT INTO [FirmaKomputerowa].[dbo].[PC] VALUES('O2CYS7IW', 3700, 16,1024,'x16',20,3630)
INSERT INTO [FirmaKomputerowa].[dbo].[PC] VALUES('KLOCMC3U', 2000, 8,1024,'x8',17,1680)
INSERT INTO [FirmaKomputerowa].[dbo].[PC] VALUES('QU55HHB5', 3200, 32,1024,'x16',20,3450)
INSERT INTO [FirmaKomputerowa].[dbo].[PC] VALUES('M45O0EQK', 3700, 32,512,'x16',17,3855)
INSERT INTO [FirmaKomputerowa].[dbo].[PC] VALUES('1WC7UQPC', 3700, 8,1024,'x8',15,3320)
INSERT INTO [FirmaKomputerowa].[dbo].[PC] VALUES('WWMU1KAY', 3100, 8,2048,'x16',17,2790)
INSERT INTO [FirmaKomputerowa].[dbo].[PC] VALUES('KSU5WWH5', 3400, 32,1024,'x8',19,3620)
INSERT INTO [FirmaKomputerowa].[dbo].[PC] VALUES('36VKWCNC', 3500, 8,512,'x16',19,3235)
INSERT INTO [FirmaKomputerowa].[dbo].[PC] VALUES('WT9OQE5O', 3200, 16,1024,'x8',17,3040)
INSERT INTO [FirmaKomputerowa].[dbo].[PC] VALUES('M1DUOB8F', 2000, 8,512,'x16',15,1615)
INSERT INTO [FirmaKomputerowa].[dbo].[PC] VALUES('E5APZYZV', 3500, 8,1024,'x8',20,3270)
INSERT INTO [FirmaKomputerowa].[dbo].[PC] VALUES('0MAJHYNO', 3400, 32,512,'x16',17,3555)
INSERT INTO [FirmaKomputerowa].[dbo].[PC] VALUES('G5BPAHN4', 3500, 16,1024,'x8',19,3400)
INSERT INTO [FirmaKomputerowa].[dbo].[LAPTOP] VALUES('YIRTLQKI', 3500, 16,512,15,3275)
INSERT INTO [FirmaKomputerowa].[dbo].[LAPTOP] VALUES('7G4KZ58E', 2100, 32,2048,15,2210)
INSERT INTO [FirmaKomputerowa].[dbo].[LAPTOP] VALUES('JDUOH972', 2300, 32,512,19,2515)
INSERT INTO [FirmaKomputerowa].[dbo].[LAPTOP] VALUES('ZZ52B4UA', 3200, 16,512,17,3035)
INSERT INTO [FirmaKomputerowa].[dbo].[LAPTOP] VALUES('YHBU89SQ', 3900, 8,2048,19,3650)
INSERT INTO [FirmaKomputerowa].[dbo].[LAPTOP] VALUES('K5GGR5FE', 3300, 16,1024,17,3140)
INSERT INTO [FirmaKomputerowa].[dbo].[LAPTOP] VALUES('TJBRWTFV', 3700, 32,2048,19,3930)
INSERT INTO [FirmaKomputerowa].[dbo].[LAPTOP] VALUES('KEE90YSJ', 3300, 32,512,20,3545)
INSERT INTO [FirmaKomputerowa].[dbo].[LAPTOP] VALUES('BZEU612W', 2800, 16,2048,19,2710)
INSERT INTO [FirmaKomputerowa].[dbo].[LAPTOP] VALUES('ETH9X7CA', 2200, 8,1024,15,1820)
INSERT INTO [FirmaKomputerowa].[dbo].[LAPTOP] VALUES('LHVRONQH', 2000, 32,1024,17,2160)
INSERT INTO [FirmaKomputerowa].[dbo].[LAPTOP] VALUES('CKFRYI9E', 2800, 8,512,19,2535)
INSERT INTO [FirmaKomputerowa].[dbo].[LAPTOP] VALUES('X9NJZ9XB', 3000, 32,2048,17,3170)
INSERT INTO [FirmaKomputerowa].[dbo].[LAPTOP] VALUES('LKRH6Z7G', 3600, 32,2048,17,3770)
INSERT INTO [FirmaKomputerowa].[dbo].[LAPTOP] VALUES('KTK0EYQZ', 2000, 32,512,15,2095)
INSERT INTO [FirmaKomputerowa].[dbo].[LAPTOP] VALUES('1W59ASSP', 3900, 8,1024,17,3580)
INSERT INTO [FirmaKomputerowa].[dbo].[LAPTOP] VALUES('NBRW4NLE', 3000, 16,512,15,2775)
INSERT INTO [FirmaKomputerowa].[dbo].[LAPTOP] VALUES('35OPURGY', 3800, 16,512,20,3725)
INSERT INTO [FirmaKomputerowa].[dbo].[LAPTOP] VALUES('E74Y3AX5', 3100, 16,1024,20,3030)
INSERT INTO [FirmaKomputerowa].[dbo].[LAPTOP] VALUES('GMK8YRYT', 2000, 8,2048,19,1750)
INSERT INTO [FirmaKomputerowa].[dbo].[DRUKARKI] VALUES('UYZ7OA1W',0,'atrament',890)
INSERT INTO [FirmaKomputerowa].[dbo].[DRUKARKI] VALUES('8MBN2M8O',1,'atrament',850)
INSERT INTO [FirmaKomputerowa].[dbo].[DRUKARKI] VALUES('HYHQ988F',1,'laser',650)
INSERT INTO [FirmaKomputerowa].[dbo].[DRUKARKI] VALUES('W5H60ALV',1,'laser',630)
INSERT INTO [FirmaKomputerowa].[dbo].[DRUKARKI] VALUES('5GS37HHY',0,'atrament',600)
INSERT INTO [FirmaKomputerowa].[dbo].[DRUKARKI] VALUES('N2T8AK9R',0,'atrament',860)
INSERT INTO [FirmaKomputerowa].[dbo].[DRUKARKI] VALUES('7EZ09JIF',0,'atrament',530)
INSERT INTO [FirmaKomputerowa].[dbo].[DRUKARKI] VALUES('WBVBCHMD',1,'atrament',500)
INSERT INTO [FirmaKomputerowa].[dbo].[DRUKARKI] VALUES('8N1AJKPU',1,'atrament',800)
INSERT INTO [FirmaKomputerowa].[dbo].[DRUKARKI] VALUES('IY576JFO',0,'laser',580)
INSERT INTO [FirmaKomputerowa].[dbo].[DRUKARKI] VALUES('KEHJV1QV',1,'laser',820)
INSERT INTO [FirmaKomputerowa].[dbo].[DRUKARKI] VALUES('7L0MV6CB',0,'atrament',860)
INSERT INTO [FirmaKomputerowa].[dbo].[DRUKARKI] VALUES('D74OLO6A',1,'laser',670)
INSERT INTO [FirmaKomputerowa].[dbo].[DRUKARKI] VALUES('5YFM5X0B',0,'atrament',650)
INSERT INTO [FirmaKomputerowa].[dbo].[DRUKARKI] VALUES('AY19TYWR',1,'atrament',500)
INSERT INTO [FirmaKomputerowa].[dbo].[DRUKARKI] VALUES('V5C845FC',1,'atrament',530)
INSERT INTO [FirmaKomputerowa].[dbo].[DRUKARKI] VALUES('W532NVKV',1,'laser',610)
INSERT INTO [FirmaKomputerowa].[dbo].[DRUKARKI] VALUES('SVQCVU8C',0,'laser',880)
INSERT INTO [FirmaKomputerowa].[dbo].[DRUKARKI] VALUES('MDOG13FK',1,'atrament',590)
